,mean_fit_time,std_fit_time,mean_score_time,std_score_time,param_C,param_degree,param_gamma,param_kernel,params,split0_test_score,split1_test_score,split2_test_score,split3_test_score,split4_test_score,split5_test_score,split6_test_score,split7_test_score,split8_test_score,split9_test_score,mean_test_score,std_test_score,rank_test_score
0,0.0013132572174072265,0.000632076690852913,0.00040941238403320314,0.00012936662405900766,0.01,0,0.05,linear,"{'C': 0.01, 'degree': 0, 'gamma': 0.05, 'kernel': 'linear'}",1.0,1.0,1.0,1.0,1.0,1.0,1.0,0.9,0.9,1.0,0.9800000000000001,0.039999999999999994,1
157,0.0010271787643432618,1.1148739306093377e-05,0.00036847591400146484,1.924445594795757e-05,0.07,1,0.15,poly,"{'C': 0.07, 'degree': 1, 'gamma': 0.15, 'kernel': 'poly'}",1.0,1.0,1.0,1.0,1.0,1.0,1.0,0.9,0.9,1.0,0.9800000000000001,0.039999999999999994,1
94,0.0010727643966674805,4.8139332590807326e-05,0.0003707408905029297,2.3515131511309225e-05,0.03,5,0.2,linear,"{'C': 0.03, 'degree': 5, 'gamma': 0.2, 'kernel': 'linear'}",1.0,1.0,1.0,1.0,1.0,1.0,1.0,0.9,0.9,1.0,0.9800000000000001,0.039999999999999994,1
158,0.0010068178176879882,3.988700075256735e-05,0.0003581047058105469,1.5415194718384904e-05,0.07,1,0.2,linear,"{'C': 0.07, 'degree': 1, 'gamma': 0.2, 'kernel': 'linear'}",1.0,1.0,1.0,1.0,1.0,1.0,1.0,0.9,0.9,1.0,0.9800000000000001,0.039999999999999994,1
92,0.001351475715637207,0.00028590905597657753,0.0004744529724121094,9.500440405096131e-05,0.03,5,0.15,linear,"{'C': 0.03, 'degree': 5, 'gamma': 0.15, 'kernel': 'linear'}",1.0,1.0,1.0,1.0,1.0,1.0,1.0,0.9,0.9,1.0,0.9800000000000001,0.039999999999999994,1
159,0.0010162353515625,8.519386770081173e-06,0.0003609418869018555,1.3366949916528797e-05,0.07,1,0.2,poly,"{'C': 0.07, 'degree': 1, 'gamma': 0.2, 'kernel': 'poly'}",1.0,1.0,1.0,1.0,1.0,1.0,1.0,0.9,0.9,1.0,0.9800000000000001,0.039999999999999994,1
90,0.0010454654693603516,2.6084125780109164e-05,0.0003590583801269531,8.729506705696447e-06,0.03,5,0.1,linear,"{'C': 0.03, 'degree': 5, 'gamma': 0.1, 'kernel': 'linear'}",1.0,1.0,1.0,1.0,1.0,1.0,1.0,0.9,0.9,1.0,0.9800000000000001,0.039999999999999994,1
160,0.0010044336318969726,3.336283618022789e-05,0.00035541057586669923,2.055219319939069e-05,0.07,2,0.05,linear,"{'C': 0.07, 'degree': 2, 'gamma': 0.05, 'kernel': 'linear'}",1.0,1.0,1.0,1.0,1.0,1.0,1.0,0.9,0.9,1.0,0.9800000000000001,0.039999999999999994,1
88,0.0010618925094604491,4.185240374721294e-05,0.00037257671356201173,2.7532969370591403e-05,0.03,5,0.05,linear,"{'C': 0.03, 'degree': 5, 'gamma': 0.05, 'kernel': 'linear'}",1.0,1.0,1.0,1.0,1.0,1.0,1.0,0.9,0.9,1.0,0.9800000000000001,0.039999999999999994,1
162,0.0010207414627075196,4.6323699174016525e-05,0.00035352706909179686,1.4145999364514127e-05,0.07,2,0.1,linear,"{'C': 0.07, 'degree': 2, 'gamma': 0.1, 'kernel': 'linear'}",1.0,1.0,1.0,1.0,1.0,1.0,1.0,0.9,0.9,1.0,0.9800000000000001,0.039999999999999994,1
86,0.0010561227798461914,2.9137062271343154e-05,0.00036101341247558595,8.578299150790185e-06,0.03,4,0.2,linear,"{'C': 0.03, 'degree': 4, 'gamma': 0.2, 'kernel': 'linear'}",1.0,1.0,1.0,1.0,1.0,1.0,1.0,0.9,0.9,1.0,0.9800000000000001,0.039999999999999994,1
164,0.0009989261627197266,3.454006416656043e-05,0.00035352706909179686,1.1839973220314743e-05,0.07,2,0.15,linear,"{'C': 0.07, 'degree': 2, 'gamma': 0.15, 'kernel': 'linear'}",1.0,1.0,1.0,1.0,1.0,1.0,1.0,0.9,0.9,1.0,0.9800000000000001,0.039999999999999994,1
84,0.0010636568069458008,2.8573061721916148e-05,0.0003690481185913086,2.0479434292638827e-05,0.03,4,0.15,linear,"{'C': 0.03, 'degree': 4, 'gamma': 0.15, 'kernel': 'linear'}",1.0,1.0,1.0,1.0,1.0,1.0,1.0,0.9,0.9,1.0,0.9800000000000001,0.039999999999999994,1
166,0.0010266304016113281,7.148503108168114e-05,0.00036439895629882815,1.880522669774585e-05,0.07,2,0.2,linear,"{'C': 0.07, 'degree': 2, 'gamma': 0.2, 'kernel': 'linear'}",1.0,1.0,1.0,1.0,1.0,1.0,1.0,0.9,0.9,1.0,0.9800000000000001,0.039999999999999994,1
96,0.0010586261749267578,3.758626365057994e-05,0.0003614187240600586,1.162712925198955e-05,0.05,0,0.05,linear,"{'C': 0.05, 'degree': 0, 'gamma': 0.05, 'kernel': 'linear'}",1.0,1.0,1.0,1.0,1.0,1.0,1.0,0.9,0.9,1.0,0.9800000000000001,0.039999999999999994,1
82,0.0010594844818115235,2.9823448322789248e-05,0.0003684043884277344,2.0490353502390963e-05,0.03,4,0.1,linear,"{'C': 0.03, 'degree': 4, 'gamma': 0.1, 'kernel': 'linear'}",1.0,1.0,1.0,1.0,1.0,1.0,1.0,0.9,0.9,1.0,0.9800000000000001,0.039999999999999994,1
80,0.00118560791015625,4.073774757239384e-05,0.0003863334655761719,1.440813795798837e-05,0.03,4,0.05,linear,"{'C': 0.03, 'degree': 4, 'gamma': 0.05, 'kernel': 'linear'}",1.0,1.0,1.0,1.0,1.0,1.0,1.0,0.9,0.9,1.0,0.9800000000000001,0.039999999999999994,1
170,0.0009979009628295898,3.46582635481063e-05,0.00034606456756591797,1.135846229106004e-05,0.07,3,0.1,linear,"{'C': 0.07, 'degree': 3, 'gamma': 0.1, 'kernel': 'linear'}",1.0,1.0,1.0,1.0,1.0,1.0,1.0,0.9,0.9,1.0,0.9800000000000001,0.039999999999999994,1
78,0.0013164520263671876,0.00016894849914356183,0.00044333934783935547,7.086923585275013e-05,0.03,3,0.2,linear,"{'C': 0.03, 'degree': 3, 'gamma': 0.2, 'kernel': 'linear'}",1.0,1.0,1.0,1.0,1.0,1.0,1.0,0.9,0.9,1.0,0.9800000000000001,0.039999999999999994,1
172,0.0010049581527709962,2.8056194377082264e-05,0.00036802291870117185,3.4957595184597256e-05,0.07,3,0.15,linear,"{'C': 0.07, 'degree': 3, 'gamma': 0.15, 'kernel': 'linear'}",1.0,1.0,1.0,1.0,1.0,1.0,1.0,0.9,0.9,1.0,0.9800000000000001,0.039999999999999994,1
76,0.0014587163925170899,0.00024061039638871885,0.0004889726638793946,8.5365934555577e-05,0.03,3,0.15,linear,"{'C': 0.03, 'degree': 3, 'gamma': 0.15, 'kernel': 'linear'}",1.0,1.0,1.0,1.0,1.0,1.0,1.0,0.9,0.9,1.0,0.9800000000000001,0.039999999999999994,1
174,0.00099637508392334,3.028750304663039e-05,0.00035707950592041017,1.2195780345077507e-05,0.07,3,0.2,linear,"{'C': 0.07, 'degree': 3, 'gamma': 0.2, 'kernel': 'linear'}",1.0,1.0,1.0,1.0,1.0,1.0,1.0,0.9,0.9,1.0,0.9800000000000001,0.039999999999999994,1
74,0.0010751247406005859,5.783360513512502e-05,0.0003566741943359375,1.0402265721631713e-05,0.03,3,0.1,linear,"{'C': 0.03, 'degree': 3, 'gamma': 0.1, 'kernel': 'linear'}",1.0,1.0,1.0,1.0,1.0,1.0,1.0,0.9,0.9,1.0,0.9800000000000001,0.039999999999999994,1
72,0.0010660409927368164,3.054439774349559e-05,0.0003707408905029297,1.3045222396934713e-05,0.03,3,0.05,linear,"{'C': 0.03, 'degree': 3, 'gamma': 0.05, 'kernel': 'linear'}",1.0,1.0,1.0,1.0,1.0,1.0,1.0,0.9,0.9,1.0,0.9800000000000001,0.039999999999999994,1
176,0.0009893417358398438,3.490975605845967e-05,0.0003513813018798828,1.4552441979649735e-05,0.07,4,0.05,linear,"{'C': 0.07, 'degree': 4, 'gamma': 0.05, 'kernel': 'linear'}",1.0,1.0,1.0,1.0,1.0,1.0,1.0,0.9,0.9,1.0,0.9800000000000001,0.039999999999999994,1
70,0.001067948341369629,4.2906607957229676e-05,0.0003748178482055664,1.7209610595718874e-05,0.03,2,0.2,linear,"{'C': 0.03, 'degree': 2, 'gamma': 0.2, 'kernel': 'linear'}",1.0,1.0,1.0,1.0,1.0,1.0,1.0,0.9,0.9,1.0,0.9800000000000001,0.039999999999999994,1
178,0.0010397911071777343,8.524854920043993e-05,0.0003713846206665039,2.7716926338507248e-05,0.07,4,0.1,linear,"{'C': 0.07, 'degree': 4, 'gamma': 0.1, 'kernel': 'linear'}",1.0,1.0,1.0,1.0,1.0,1.0,1.0,0.9,0.9,1.0,0.9800000000000001,0.039999999999999994,1
68,0.0010437965393066406,2.8225980763638893e-05,0.0003610372543334961,1.6356296492809597e-05,0.03,2,0.15,linear,"{'C': 0.03, 'degree': 2, 'gamma': 0.15, 'kernel': 'linear'}",1.0,1.0,1.0,1.0,1.0,1.0,1.0,0.9,0.9,1.0,0.9800000000000001,0.039999999999999994,1
180,0.0010047674179077149,4.273589684403974e-05,0.00035598278045654295,2.2628535812240616e-05,0.07,4,0.15,linear,"{'C': 0.07, 'degree': 4, 'gamma': 0.15, 'kernel': 'linear'}",1.0,1.0,1.0,1.0,1.0,1.0,1.0,0.9,0.9,1.0,0.9800000000000001,0.039999999999999994,1
168,0.00099637508392334,2.952916850418786e-05,0.0003539085388183594,8.989487081545815e-06,0.07,3,0.05,linear,"{'C': 0.07, 'degree': 3, 'gamma': 0.05, 'kernel': 'linear'}",1.0,1.0,1.0,1.0,1.0,1.0,1.0,0.9,0.9,1.0,0.9800000000000001,0.039999999999999994,1
156,0.0010016918182373046,4.244710535106032e-05,0.0003547191619873047,1.1982662571634346e-05,0.07,1,0.15,linear,"{'C': 0.07, 'degree': 1, 'gamma': 0.15, 'kernel': 'linear'}",1.0,1.0,1.0,1.0,1.0,1.0,1.0,0.9,0.9,1.0,0.9800000000000001,0.039999999999999994,1
98,0.0011201620101928711,0.0001323547001454757,0.0003849029541015625,5.4566736807037595e-05,0.05,0,0.1,linear,"{'C': 0.05, 'degree': 0, 'gamma': 0.1, 'kernel': 'linear'}",1.0,1.0,1.0,1.0,1.0,1.0,1.0,0.9,0.9,1.0,0.9800000000000001,0.039999999999999994,1
155,0.0010439395904541016,1.8567037236996395e-05,0.00036113262176513673,1.5767401344667373e-05,0.07,1,0.1,poly,"{'C': 0.07, 'degree': 1, 'gamma': 0.1, 'kernel': 'poly'}",1.0,1.0,1.0,1.0,1.0,1.0,1.0,0.9,0.9,1.0,0.9800000000000001,0.039999999999999994,1
128,0.0010461091995239257,3.7972835106066725e-05,0.00035860538482666013,1.2717994336145955e-05,0.05,4,0.05,linear,"{'C': 0.05, 'degree': 4, 'gamma': 0.05, 'kernel': 'linear'}",1.0,1.0,1.0,1.0,1.0,1.0,1.0,0.9,0.9,1.0,0.9800000000000001,0.039999999999999994,1
134,0.001069021224975586,3.477918304920234e-05,0.0003596305847167969,1.1958159483089488e-05,0.05,4,0.2,linear,"{'C': 0.05, 'degree': 4, 'gamma': 0.2, 'kernel': 'linear'}",1.0,1.0,1.0,1.0,1.0,1.0,1.0,0.9,0.9,1.0,0.9800000000000001,0.039999999999999994,1
126,0.0010468244552612304,3.4783963367768475e-05,0.0003550291061401367,1.2944372419774363e-05,0.05,3,0.2,linear,"{'C': 0.05, 'degree': 3, 'gamma': 0.2, 'kernel': 'linear'}",1.0,1.0,1.0,1.0,1.0,1.0,1.0,0.9,0.9,1.0,0.9800000000000001,0.039999999999999994,1
136,0.001067209243774414,5.061192365875015e-05,0.00036728382110595703,2.0703259592368053e-05,0.05,5,0.05,linear,"{'C': 0.05, 'degree': 5, 'gamma': 0.05, 'kernel': 'linear'}",1.0,1.0,1.0,1.0,1.0,1.0,1.0,0.9,0.9,1.0,0.9800000000000001,0.039999999999999994,1
124,0.0010600566864013671,4.200307472233331e-05,0.00035953521728515625,1.4852539847279446e-05,0.05,3,0.15,linear,"{'C': 0.05, 'degree': 3, 'gamma': 0.15, 'kernel': 'linear'}",1.0,1.0,1.0,1.0,1.0,1.0,1.0,0.9,0.9,1.0,0.9800000000000001,0.039999999999999994,1
138,0.0010482549667358398,3.53191274526763e-05,0.0003556251525878906,1.6221997318794595e-05,0.05,5,0.1,linear,"{'C': 0.05, 'degree': 5, 'gamma': 0.1, 'kernel': 'linear'}",1.0,1.0,1.0,1.0,1.0,1.0,1.0,0.9,0.9,1.0,0.9800000000000001,0.039999999999999994,1
122,0.0010796785354614258,9.585608521019217e-05,0.00035734176635742186,1.685799760350384e-05,0.05,3,0.1,linear,"{'C': 0.05, 'degree': 3, 'gamma': 0.1, 'kernel': 'linear'}",1.0,1.0,1.0,1.0,1.0,1.0,1.0,0.9,0.9,1.0,0.9800000000000001,0.039999999999999994,1
140,0.00104217529296875,4.116237214897998e-05,0.00035586357116699217,1.391032967039045e-05,0.05,5,0.15,linear,"{'C': 0.05, 'degree': 5, 'gamma': 0.15, 'kernel': 'linear'}",1.0,1.0,1.0,1.0,1.0,1.0,1.0,0.9,0.9,1.0,0.9800000000000001,0.039999999999999994,1
120,0.001095724105834961,8.374466081520157e-05,0.000373387336730957,3.513054682412792e-05,0.05,3,0.05,linear,"{'C': 0.05, 'degree': 3, 'gamma': 0.05, 'kernel': 'linear'}",1.0,1.0,1.0,1.0,1.0,1.0,1.0,0.9,0.9,1.0,0.9800000000000001,0.039999999999999994,1
238,0.0010291099548339843,6.99891698341028e-05,0.0003561258316040039,1.6421502595982557e-05,0.1,5,0.2,linear,"{'C': 0.1, 'degree': 5, 'gamma': 0.2, 'kernel': 'linear'}",1.0,1.0,1.0,1.0,1.0,1.0,1.0,0.9,0.9,1.0,0.9800000000000001,0.039999999999999994,1
118,0.0010343074798583984,3.971624179454954e-05,0.0003569364547729492,2.2753290696608973e-05,0.05,2,0.2,linear,"{'C': 0.05, 'degree': 2, 'gamma': 0.2, 'kernel': 'linear'}",1.0,1.0,1.0,1.0,1.0,1.0,1.0,0.9,0.9,1.0,0.9800000000000001,0.039999999999999994,1
142,0.0010465860366821289,4.197874182514133e-05,0.00035707950592041017,1.844319893340805e-05,0.05,5,0.2,linear,"{'C': 0.05, 'degree': 5, 'gamma': 0.2, 'kernel': 'linear'}",1.0,1.0,1.0,1.0,1.0,1.0,1.0,0.9,0.9,1.0,0.9800000000000001,0.039999999999999994,1
116,0.0010337114334106445,3.8906676085393544e-05,0.0003524303436279297,1.1335694021099378e-05,0.05,2,0.15,linear,"{'C': 0.05, 'degree': 2, 'gamma': 0.15, 'kernel': 'linear'}",1.0,1.0,1.0,1.0,1.0,1.0,1.0,0.9,0.9,1.0,0.9800000000000001,0.039999999999999994,1
144,0.0010104894638061524,3.406984811025227e-05,0.000358128547668457,1.6037065822697657e-05,0.07,0,0.05,linear,"{'C': 0.07, 'degree': 0, 'gamma': 0.05, 'kernel': 'linear'}",1.0,1.0,1.0,1.0,1.0,1.0,1.0,0.9,0.9,1.0,0.9800000000000001,0.039999999999999994,1
114,0.0010537147521972657,3.8928899152810215e-05,0.00035851001739501954,1.861988047088458e-05,0.05,2,0.1,linear,"{'C': 0.05, 'degree': 2, 'gamma': 0.1, 'kernel': 'linear'}",1.0,1.0,1.0,1.0,1.0,1.0,1.0,0.9,0.9,1.0,0.9800000000000001,0.039999999999999994,1
146,0.0011052131652832032,0.00022293404935801398,0.0003928661346435547,7.515457361542356e-05,0.07,0,0.1,linear,"{'C': 0.07, 'degree': 0, 'gamma': 0.1, 'kernel': 'linear'}",1.0,1.0,1.0,1.0,1.0,1.0,1.0,0.9,0.9,1.0,0.9800000000000001,0.039999999999999994,1
112,0.0010407686233520508,3.4510304881850784e-05,0.00036230087280273435,2.027488943423795e-05,0.05,2,0.05,linear,"{'C': 0.05, 'degree': 2, 'gamma': 0.05, 'kernel': 'linear'}",1.0,1.0,1.0,1.0,1.0,1.0,1.0,0.9,0.9,1.0,0.9800000000000001,0.039999999999999994,1
111,0.001044917106628418,5.18150057610395e-05,0.00036542415618896485,1.3294289238474273e-05,0.05,1,0.2,poly,"{'C': 0.05, 'degree': 1, 'gamma': 0.2, 'kernel': 'poly'}",1.0,1.0,1.0,1.0,1.0,1.0,1.0,0.9,0.9,1.0,0.9800000000000001,0.039999999999999994,1
110,0.001063084602355957,3.21220618122356e-05,0.00036540031433105467,1.669924303626085e-05,0.05,1,0.2,linear,"{'C': 0.05, 'degree': 1, 'gamma': 0.2, 'kernel': 'linear'}",1.0,1.0,1.0,1.0,1.0,1.0,1.0,0.9,0.9,1.0,0.9800000000000001,0.039999999999999994,1
109,0.0011522769927978516,0.00017703863058855053,0.0004208087921142578,7.196671820165289e-05,0.05,1,0.15,poly,"{'C': 0.05, 'degree': 1, 'gamma': 0.15, 'kernel': 'poly'}",1.0,1.0,1.0,1.0,1.0,1.0,1.0,0.9,0.9,1.0,0.9800000000000001,0.039999999999999994,1
108,0.0012931108474731445,0.0002814980822017081,0.00042285919189453123,8.246348250462325e-05,0.05,1,0.15,linear,"{'C': 0.05, 'degree': 1, 'gamma': 0.15, 'kernel': 'linear'}",1.0,1.0,1.0,1.0,1.0,1.0,1.0,0.9,0.9,1.0,0.9800000000000001,0.039999999999999994,1
148,0.0009980916976928711,2.8348370092842162e-05,0.0003547191619873047,1.4721377143866745e-05,0.07,0,0.15,linear,"{'C': 0.07, 'degree': 0, 'gamma': 0.15, 'kernel': 'linear'}",1.0,1.0,1.0,1.0,1.0,1.0,1.0,0.9,0.9,1.0,0.9800000000000001,0.039999999999999994,1
106,0.00105593204498291,4.182563889191184e-05,0.00036568641662597655,1.1188311010984499e-05,0.05,1,0.1,linear,"{'C': 0.05, 'degree': 1, 'gamma': 0.1, 'kernel': 'linear'}",1.0,1.0,1.0,1.0,1.0,1.0,1.0,0.9,0.9,1.0,0.9800000000000001,0.039999999999999994,1
150,0.0010002374649047852,3.612730696989746e-05,0.0003717899322509766,3.552408026252065e-05,0.07,0,0.2,linear,"{'C': 0.07, 'degree': 0, 'gamma': 0.2, 'kernel': 'linear'}",1.0,1.0,1.0,1.0,1.0,1.0,1.0,0.9,0.9,1.0,0.9800000000000001,0.039999999999999994,1
104,0.0010670900344848632,4.8408137472985416e-05,0.00035998821258544924,9.773097169148944e-06,0.05,1,0.05,linear,"{'C': 0.05, 'degree': 1, 'gamma': 0.05, 'kernel': 'linear'}",1.0,1.0,1.0,1.0,1.0,1.0,1.0,0.9,0.9,1.0,0.9800000000000001,0.039999999999999994,1
152,0.0010096073150634766,4.797621659668846e-05,0.0003534555435180664,1.1091590024406048e-05,0.07,1,0.05,linear,"{'C': 0.07, 'degree': 1, 'gamma': 0.05, 'kernel': 'linear'}",1.0,1.0,1.0,1.0,1.0,1.0,1.0,0.9,0.9,1.0,0.9800000000000001,0.039999999999999994,1
102,0.0010514020919799804,3.3256178533185714e-05,0.00036089420318603517,1.4047710893642768e-05,0.05,0,0.2,linear,"{'C': 0.05, 'degree': 0, 'gamma': 0.2, 'kernel': 'linear'}",1.0,1.0,1.0,1.0,1.0,1.0,1.0,0.9,0.9,1.0,0.9800000000000001,0.039999999999999994,1
154,0.0010013818740844727,3.47154890004913e-05,0.0003542184829711914,1.728659658190288e-05,0.07,1,0.1,linear,"{'C': 0.07, 'degree': 1, 'gamma': 0.1, 'kernel': 'linear'}",1.0,1.0,1.0,1.0,1.0,1.0,1.0,0.9,0.9,1.0,0.9800000000000001,0.039999999999999994,1
100,0.0010512113571166993,4.0387495063275806e-05,0.0003597736358642578,8.34805555344181e-06,0.05,0,0.15,linear,"{'C': 0.05, 'degree': 0, 'gamma': 0.15, 'kernel': 'linear'}",1.0,1.0,1.0,1.0,1.0,1.0,1.0,0.9,0.9,1.0,0.9800000000000001,0.039999999999999994,1
66,0.0010367631912231445,2.911700013930608e-05,0.0003544807434082031,1.209362819802662e-05,0.03,2,0.1,linear,"{'C': 0.03, 'degree': 2, 'gamma': 0.1, 'kernel': 'linear'}",1.0,1.0,1.0,1.0,1.0,1.0,1.0,0.9,0.9,1.0,0.9800000000000001,0.039999999999999994,1
132,0.0010464906692504883,3.4413646920194427e-05,0.0003519296646118164,1.3019684748511653e-05,0.05,4,0.15,linear,"{'C': 0.05, 'degree': 4, 'gamma': 0.15, 'kernel': 'linear'}",1.0,1.0,1.0,1.0,1.0,1.0,1.0,0.9,0.9,1.0,0.9800000000000001,0.039999999999999994,1
182,0.0009948015213012695,2.9738596494978816e-05,0.0003558158874511719,1.5402725950110998e-05,0.07,4,0.2,linear,"{'C': 0.07, 'degree': 4, 'gamma': 0.2, 'kernel': 'linear'}",1.0,1.0,1.0,1.0,1.0,1.0,1.0,0.9,0.9,1.0,0.9800000000000001,0.039999999999999994,1
63,0.0010153293609619141,1.17684144832355e-05,0.0003612041473388672,1.5658129972331852e-05,0.03,1,0.2,poly,"{'C': 0.03, 'degree': 1, 'gamma': 0.2, 'kernel': 'poly'}",1.0,1.0,1.0,1.0,1.0,1.0,1.0,0.9,0.9,1.0,0.9800000000000001,0.039999999999999994,1
30,0.0009940385818481446,1.9786745568179975e-05,0.00035440921783447266,1.1619695807082655e-05,0.01,3,0.2,linear,"{'C': 0.01, 'degree': 3, 'gamma': 0.2, 'kernel': 'linear'}",1.0,1.0,1.0,1.0,1.0,1.0,1.0,0.9,0.9,1.0,0.9800000000000001,0.039999999999999994,1
210,0.0011661291122436524,8.581415984163322e-05,0.00041496753692626953,4.253019249592829e-05,0.1,2,0.1,linear,"{'C': 0.1, 'degree': 2, 'gamma': 0.1, 'kernel': 'linear'}",1.0,1.0,1.0,1.0,1.0,1.0,1.0,0.9,0.9,1.0,0.9800000000000001,0.039999999999999994,1
28,0.0011076927185058594,0.00019436034065344962,0.00039441585540771483,5.999836110610842e-05,0.01,3,0.15,linear,"{'C': 0.01, 'degree': 3, 'gamma': 0.15, 'kernel': 'linear'}",1.0,1.0,1.0,1.0,1.0,1.0,1.0,0.9,0.9,1.0,0.9800000000000001,0.039999999999999994,1
212,0.0010603666305541992,5.4034429553954375e-05,0.00038216114044189455,2.8322772513852174e-05,0.1,2,0.15,linear,"{'C': 0.1, 'degree': 2, 'gamma': 0.15, 'kernel': 'linear'}",1.0,1.0,1.0,1.0,1.0,1.0,1.0,0.9,0.9,1.0,0.9800000000000001,0.039999999999999994,1
26,0.0009863853454589843,8.28297849980554e-06,0.00035176277160644533,1.846419136318557e-05,0.01,3,0.1,linear,"{'C': 0.01, 'degree': 3, 'gamma': 0.1, 'kernel': 'linear'}",1.0,1.0,1.0,1.0,1.0,1.0,1.0,0.9,0.9,1.0,0.9800000000000001,0.039999999999999994,1
214,0.001128411293029785,0.00011555327045290764,0.00039927959442138673,3.830505191382309e-05,0.1,2,0.2,linear,"{'C': 0.1, 'degree': 2, 'gamma': 0.2, 'kernel': 'linear'}",1.0,1.0,1.0,1.0,1.0,1.0,1.0,0.9,0.9,1.0,0.9800000000000001,0.039999999999999994,1
24,0.0009841680526733398,8.541543166996142e-06,0.0003512144088745117,1.3979727821068457e-05,0.01,3,0.05,linear,"{'C': 0.01, 'degree': 3, 'gamma': 0.05, 'kernel': 'linear'}",1.0,1.0,1.0,1.0,1.0,1.0,1.0,0.9,0.9,1.0,0.9800000000000001,0.039999999999999994,1
216,0.0010747432708740235,5.781744435128048e-05,0.0003762960433959961,1.9472551920256743e-05,0.1,3,0.05,linear,"{'C': 0.1, 'degree': 3, 'gamma': 0.05, 'kernel': 'linear'}",1.0,1.0,1.0,1.0,1.0,1.0,1.0,0.9,0.9,1.0,0.9800000000000001,0.039999999999999994,1
22,0.000989246368408203,1.077156037173477e-05,0.0003490447998046875,1.366078124120406e-05,0.01,2,0.2,linear,"{'C': 0.01, 'degree': 2, 'gamma': 0.2, 'kernel': 'linear'}",1.0,1.0,1.0,1.0,1.0,1.0,1.0,0.9,0.9,1.0,0.9800000000000001,0.039999999999999994,1
218,0.0010602474212646484,6.21646441945353e-05,0.00036869049072265627,2.017173355530432e-05,0.1,3,0.1,linear,"{'C': 0.1, 'degree': 3, 'gamma': 0.1, 'kernel': 'linear'}",1.0,1.0,1.0,1.0,1.0,1.0,1.0,0.9,0.9,1.0,0.9800000000000001,0.039999999999999994,1
20,0.0009953975677490234,3.357150330916107e-05,0.00035979747772216795,1.5871748830272432e-05,0.01,2,0.15,linear,"{'C': 0.01, 'degree': 2, 'gamma': 0.15, 'kernel': 'linear'}",1.0,1.0,1.0,1.0,1.0,1.0,1.0,0.9,0.9,1.0,0.9800000000000001,0.039999999999999994,1
220,0.0010526657104492187,5.372325579178403e-05,0.00037446022033691404,1.6363297770886665e-05,0.1,3,0.15,linear,"{'C': 0.1, 'degree': 3, 'gamma': 0.15, 'kernel': 'linear'}",1.0,1.0,1.0,1.0,1.0,1.0,1.0,0.9,0.9,1.0,0.9800000000000001,0.039999999999999994,1
18,0.0009891748428344726,1.292371653993245e-05,0.0003572702407836914,1.5403851504728545e-05,0.01,2,0.1,linear,"{'C': 0.01, 'degree': 2, 'gamma': 0.1, 'kernel': 'linear'}",1.0,1.0,1.0,1.0,1.0,1.0,1.0,0.9,0.9,1.0,0.9800000000000001,0.039999999999999994,1
222,0.0010585784912109375,5.569898901432265e-05,0.000379180908203125,1.9993981624910852e-05,0.1,3,0.2,linear,"{'C': 0.1, 'degree': 3, 'gamma': 0.2, 'kernel': 'linear'}",1.0,1.0,1.0,1.0,1.0,1.0,1.0,0.9,0.9,1.0,0.9800000000000001,0.039999999999999994,1
16,0.0010125875473022462,3.5302127853885135e-05,0.00036172866821289064,1.9778340834851495e-05,0.01,2,0.05,linear,"{'C': 0.01, 'degree': 2, 'gamma': 0.05, 'kernel': 'linear'}",1.0,1.0,1.0,1.0,1.0,1.0,1.0,0.9,0.9,1.0,0.9800000000000001,0.039999999999999994,1
14,0.0010146379470825195,3.662827199132866e-05,0.0003561973571777344,1.5636333112469412e-05,0.01,1,0.2,linear,"{'C': 0.01, 'degree': 1, 'gamma': 0.2, 'kernel': 'linear'}",1.0,1.0,1.0,1.0,1.0,1.0,1.0,0.9,0.9,1.0,0.9800000000000001,0.039999999999999994,1
224,0.001019430160522461,5.521105114671692e-05,0.00036175251007080077,3.392639414348577e-05,0.1,4,0.05,linear,"{'C': 0.1, 'degree': 4, 'gamma': 0.05, 'kernel': 'linear'}",1.0,1.0,1.0,1.0,1.0,1.0,1.0,0.9,0.9,1.0,0.9800000000000001,0.039999999999999994,1
12,0.0010099411010742188,2.8661641974817583e-05,0.00035848617553710935,1.5947405109296293e-05,0.01,1,0.15,linear,"{'C': 0.01, 'degree': 1, 'gamma': 0.15, 'kernel': 'linear'}",1.0,1.0,1.0,1.0,1.0,1.0,1.0,0.9,0.9,1.0,0.9800000000000001,0.039999999999999994,1
226,0.0010131359100341796,5.581125846805051e-05,0.00035173892974853515,1.5468221846841406e-05,0.1,4,0.1,linear,"{'C': 0.1, 'degree': 4, 'gamma': 0.1, 'kernel': 'linear'}",1.0,1.0,1.0,1.0,1.0,1.0,1.0,0.9,0.9,1.0,0.9800000000000001,0.039999999999999994,1
10,0.000995469093322754,1.0485566708326427e-05,0.00036318302154541015,1.9363067694874853e-05,0.01,1,0.1,linear,"{'C': 0.01, 'degree': 1, 'gamma': 0.1, 'kernel': 'linear'}",1.0,1.0,1.0,1.0,1.0,1.0,1.0,0.9,0.9,1.0,0.9800000000000001,0.039999999999999994,1
228,0.0010664939880371093,9.115062513919936e-05,0.00038082599639892577,3.791710769071514e-05,0.1,4,0.15,linear,"{'C': 0.1, 'degree': 4, 'gamma': 0.15, 'kernel': 'linear'}",1.0,1.0,1.0,1.0,1.0,1.0,1.0,0.9,0.9,1.0,0.9800000000000001,0.039999999999999994,1
8,0.0009975671768188477,1.2954907400377166e-05,0.0003601789474487305,1.3952295175522618e-05,0.01,1,0.05,linear,"{'C': 0.01, 'degree': 1, 'gamma': 0.05, 'kernel': 'linear'}",1.0,1.0,1.0,1.0,1.0,1.0,1.0,0.9,0.9,1.0,0.9800000000000001,0.039999999999999994,1
230,0.001020956039428711,5.365305933055927e-05,0.0003622531890869141,1.4992036283053391e-05,0.1,4,0.2,linear,"{'C': 0.1, 'degree': 4, 'gamma': 0.2, 'kernel': 'linear'}",1.0,1.0,1.0,1.0,1.0,1.0,1.0,0.9,0.9,1.0,0.9800000000000001,0.039999999999999994,1
6,0.0010271787643432618,4.8813786347804276e-05,0.0003924846649169922,7.346897045496667e-05,0.01,0,0.2,linear,"{'C': 0.01, 'degree': 0, 'gamma': 0.2, 'kernel': 'linear'}",1.0,1.0,1.0,1.0,1.0,1.0,1.0,0.9,0.9,1.0,0.9800000000000001,0.039999999999999994,1
232,0.0010169267654418946,6.697135448491102e-05,0.0003595590591430664,2.4313891160740368e-05,0.1,5,0.05,linear,"{'C': 0.1, 'degree': 5, 'gamma': 0.05, 'kernel': 'linear'}",1.0,1.0,1.0,1.0,1.0,1.0,1.0,0.9,0.9,1.0,0.9800000000000001,0.039999999999999994,1
4,0.0010201215744018554,2.0000761093649386e-05,0.00036704540252685547,1.7953805534288293e-05,0.01,0,0.15,linear,"{'C': 0.01, 'degree': 0, 'gamma': 0.15, 'kernel': 'linear'}",1.0,1.0,1.0,1.0,1.0,1.0,1.0,0.9,0.9,1.0,0.9800000000000001,0.039999999999999994,1
234,0.0010088682174682617,5.8343052877593065e-05,0.00035369396209716797,1.1152919408036765e-05,0.1,5,0.1,linear,"{'C': 0.1, 'degree': 5, 'gamma': 0.1, 'kernel': 'linear'}",1.0,1.0,1.0,1.0,1.0,1.0,1.0,0.9,0.9,1.0,0.9800000000000001,0.039999999999999994,1
2,0.001003265380859375,1.4525543092344161e-05,0.0003538370132446289,1.4797882755424915e-05,0.01,0,0.1,linear,"{'C': 0.01, 'degree': 0, 'gamma': 0.1, 'kernel': 'linear'}",1.0,1.0,1.0,1.0,1.0,1.0,1.0,0.9,0.9,1.0,0.9800000000000001,0.039999999999999994,1
236,0.0010120153427124023,6.0449717792703215e-05,0.0003579854965209961,1.599760240054968e-05,0.1,5,0.15,linear,"{'C': 0.1, 'degree': 5, 'gamma': 0.15, 'kernel': 'linear'}",1.0,1.0,1.0,1.0,1.0,1.0,1.0,0.9,0.9,1.0,0.9800000000000001,0.039999999999999994,1
208,0.0010743141174316406,8.900673611883641e-05,0.0003914833068847656,2.4252689768437996e-05,0.1,2,0.05,linear,"{'C': 0.1, 'degree': 2, 'gamma': 0.05, 'kernel': 'linear'}",1.0,1.0,1.0,1.0,1.0,1.0,1.0,0.9,0.9,1.0,0.9800000000000001,0.039999999999999994,1
64,0.0010409593582153321,2.4373201452711495e-05,0.00035877227783203124,1.629946309958982e-05,0.03,2,0.05,linear,"{'C': 0.03, 'degree': 2, 'gamma': 0.05, 'kernel': 'linear'}",1.0,1.0,1.0,1.0,1.0,1.0,1.0,0.9,0.9,1.0,0.9800000000000001,0.039999999999999994,1
32,0.0009918928146362305,1.3128639804028849e-05,0.00035631656646728516,1.4457782056937582e-05,0.01,4,0.05,linear,"{'C': 0.01, 'degree': 4, 'gamma': 0.05, 'kernel': 'linear'}",1.0,1.0,1.0,1.0,1.0,1.0,1.0,0.9,0.9,1.0,0.9800000000000001,0.039999999999999994,1
34,0.000998544692993164,3.641859209056148e-05,0.00035729408264160154,1.6369202227440138e-05,0.01,4,0.1,linear,"{'C': 0.01, 'degree': 4, 'gamma': 0.1, 'kernel': 'linear'}",1.0,1.0,1.0,1.0,1.0,1.0,1.0,0.9,0.9,1.0,0.9800000000000001,0.039999999999999994,1
62,0.0010458469390869141,3.702636695412773e-05,0.00035982131958007814,1.0387391585226358e-05,0.03,1,0.2,linear,"{'C': 0.03, 'degree': 1, 'gamma': 0.2, 'kernel': 'linear'}",1.0,1.0,1.0,1.0,1.0,1.0,1.0,0.9,0.9,1.0,0.9800000000000001,0.039999999999999994,1
184,0.0012116193771362304,0.00011458777154668782,0.00043025016784667967,5.154554541449073e-05,0.07,5,0.05,linear,"{'C': 0.07, 'degree': 5, 'gamma': 0.05, 'kernel': 'linear'}",1.0,1.0,1.0,1.0,1.0,1.0,1.0,0.9,0.9,1.0,0.9800000000000001,0.039999999999999994,1
60,0.0010338306427001953,2.657651804996474e-05,0.00035858154296875,1.470290862134608e-05,0.03,1,0.15,linear,"{'C': 0.03, 'degree': 1, 'gamma': 0.15, 'kernel': 'linear'}",1.0,1.0,1.0,1.0,1.0,1.0,1.0,0.9,0.9,1.0,0.9800000000000001,0.039999999999999994,1
186,0.0010477542877197266,3.574437621203319e-05,0.0003748416900634766,2.126896852791239e-05,0.07,5,0.1,linear,"{'C': 0.07, 'degree': 5, 'gamma': 0.1, 'kernel': 'linear'}",1.0,1.0,1.0,1.0,1.0,1.0,1.0,0.9,0.9,1.0,0.9800000000000001,0.039999999999999994,1
58,0.0010341405868530273,2.772598963927106e-05,0.000354313850402832,1.2174974945729477e-05,0.03,1,0.1,linear,"{'C': 0.03, 'degree': 1, 'gamma': 0.1, 'kernel': 'linear'}",1.0,1.0,1.0,1.0,1.0,1.0,1.0,0.9,0.9,1.0,0.9800000000000001,0.039999999999999994,1
188,0.001036858558654785,4.6393394627046604e-05,0.00037317276000976564,2.5657162575126872e-05,0.07,5,0.15,linear,"{'C': 0.07, 'degree': 5, 'gamma': 0.15, 'kernel': 'linear'}",1.0,1.0,1.0,1.0,1.0,1.0,1.0,0.9,0.9,1.0,0.9800000000000001,0.039999999999999994,1
56,0.001081562042236328,8.11746604189567e-05,0.0003619670867919922,1.8804803508580785e-05,0.03,1,0.05,linear,"{'C': 0.03, 'degree': 1, 'gamma': 0.05, 'kernel': 'linear'}",1.0,1.0,1.0,1.0,1.0,1.0,1.0,0.9,0.9,1.0,0.9800000000000001,0.039999999999999994,1
190,0.001069045066833496,5.6513496989389535e-05,0.00037686824798583985,1.5754056743082037e-05,0.07,5,0.2,linear,"{'C': 0.07, 'degree': 5, 'gamma': 0.2, 'kernel': 'linear'}",1.0,1.0,1.0,1.0,1.0,1.0,1.0,0.9,0.9,1.0,0.9800000000000001,0.039999999999999994,1
54,0.0010858297348022461,6.623112355371646e-05,0.0004216909408569336,9.054841646395994e-05,0.03,0,0.2,linear,"{'C': 0.03, 'degree': 0, 'gamma': 0.2, 'kernel': 'linear'}",1.0,1.0,1.0,1.0,1.0,1.0,1.0,0.9,0.9,1.0,0.9800000000000001,0.039999999999999994,1
192,0.0010694265365600586,7.832434977197164e-05,0.00039560794830322265,2.726137918932505e-05,0.1,0,0.05,linear,"{'C': 0.1, 'degree': 0, 'gamma': 0.05, 'kernel': 'linear'}",1.0,1.0,1.0,1.0,1.0,1.0,1.0,0.9,0.9,1.0,0.9800000000000001,0.039999999999999994,1
52,0.001030707359313965,2.870612167753225e-05,0.00035042762756347655,1.4232131429685745e-05,0.03,0,0.15,linear,"{'C': 0.03, 'degree': 0, 'gamma': 0.15, 'kernel': 'linear'}",1.0,1.0,1.0,1.0,1.0,1.0,1.0,0.9,0.9,1.0,0.9800000000000001,0.039999999999999994,1
194,0.0011621475219726562,0.00011047902262037612,0.00042173862457275393,3.911786310974956e-05,0.1,0,0.1,linear,"{'C': 0.1, 'degree': 0, 'gamma': 0.1, 'kernel': 'linear'}",1.0,1.0,1.0,1.0,1.0,1.0,1.0,0.9,0.9,1.0,0.9800000000000001,0.039999999999999994,1
50,0.0010362863540649414,3.2653119581854524e-05,0.0003519535064697266,1.2257497746119854e-05,0.03,0,0.1,linear,"{'C': 0.03, 'degree': 0, 'gamma': 0.1, 'kernel': 'linear'}",1.0,1.0,1.0,1.0,1.0,1.0,1.0,0.9,0.9,1.0,0.9800000000000001,0.039999999999999994,1
207,0.0011127233505249024,7.459739396301257e-05,0.00044832229614257815,0.00010233647533438709,0.1,1,0.2,poly,"{'C': 0.1, 'degree': 1, 'gamma': 0.2, 'kernel': 'poly'}",1.0,1.0,1.0,1.0,1.0,1.0,1.0,0.9,0.9,1.0,0.9800000000000001,0.039999999999999994,1
130,0.0010798215866088868,8.185958433997848e-05,0.00042259693145751953,0.00010241121520935653,0.05,4,0.1,linear,"{'C': 0.05, 'degree': 4, 'gamma': 0.1, 'kernel': 'linear'}",1.0,1.0,1.0,1.0,1.0,1.0,1.0,0.9,0.9,1.0,0.9800000000000001,0.039999999999999994,1
48,0.0010358333587646485,2.8820102535051486e-05,0.0003548860549926758,1.2638995919517726e-05,0.03,0,0.05,linear,"{'C': 0.03, 'degree': 0, 'gamma': 0.05, 'kernel': 'linear'}",1.0,1.0,1.0,1.0,1.0,1.0,1.0,0.9,0.9,1.0,0.9800000000000001,0.039999999999999994,1
206,0.0011075496673583984,0.00011375455869079643,0.00039227008819580077,4.7110093487322445e-05,0.1,1,0.2,linear,"{'C': 0.1, 'degree': 1, 'gamma': 0.2, 'kernel': 'linear'}",1.0,1.0,1.0,1.0,1.0,1.0,1.0,0.9,0.9,1.0,0.9800000000000001,0.039999999999999994,1
36,0.001009082794189453,3.728948894675067e-05,0.00035436153411865233,1.5555802856961396e-05,0.01,4,0.15,linear,"{'C': 0.01, 'degree': 4, 'gamma': 0.15, 'kernel': 'linear'}",1.0,1.0,1.0,1.0,1.0,1.0,1.0,0.9,0.9,1.0,0.9800000000000001,0.039999999999999994,1
205,0.001220703125,5.64954443443613e-05,0.0004284143447875977,3.476457653524462e-05,0.1,1,0.15,poly,"{'C': 0.1, 'degree': 1, 'gamma': 0.15, 'kernel': 'poly'}",1.0,1.0,1.0,1.0,1.0,1.0,1.0,0.9,0.9,1.0,0.9800000000000001,0.039999999999999994,1
38,0.0012787103652954102,0.0002765231685801377,0.00044798851013183594,0.00010083375381005839,0.01,4,0.2,linear,"{'C': 0.01, 'degree': 4, 'gamma': 0.2, 'kernel': 'linear'}",1.0,1.0,1.0,1.0,1.0,1.0,1.0,0.9,0.9,1.0,0.9800000000000001,0.039999999999999994,1
204,0.0011224031448364257,0.00011725827359925654,0.00038504600524902344,3.160966433494255e-05,0.1,1,0.15,linear,"{'C': 0.1, 'degree': 1, 'gamma': 0.15, 'kernel': 'linear'}",1.0,1.0,1.0,1.0,1.0,1.0,1.0,0.9,0.9,1.0,0.9800000000000001,0.039999999999999994,1
40,0.0009968996047973633,2.130561836908418e-05,0.0003550529479980469,1.3526047249978177e-05,0.01,5,0.05,linear,"{'C': 0.01, 'degree': 5, 'gamma': 0.05, 'kernel': 'linear'}",1.0,1.0,1.0,1.0,1.0,1.0,1.0,0.9,0.9,1.0,0.9800000000000001,0.039999999999999994,1
196,0.0010715723037719727,6.915645188624994e-05,0.0003843069076538086,1.8639530358486937e-05,0.1,0,0.15,linear,"{'C': 0.1, 'degree': 0, 'gamma': 0.15, 'kernel': 'linear'}",1.0,1.0,1.0,1.0,1.0,1.0,1.0,0.9,0.9,1.0,0.9800000000000001,0.039999999999999994,1
203,0.0010637283325195313,1.4981416113531084e-05,0.00037069320678710936,1.4974053435913366e-05,0.1,1,0.1,poly,"{'C': 0.1, 'degree': 1, 'gamma': 0.1, 'kernel': 'poly'}",1.0,1.0,1.0,1.0,1.0,1.0,1.0,0.9,0.9,1.0,0.9800000000000001,0.039999999999999994,1
42,0.0010076284408569336,5.233024946836351e-05,0.000356292724609375,1.462118337852587e-05,0.01,5,0.1,linear,"{'C': 0.01, 'degree': 5, 'gamma': 0.1, 'kernel': 'linear'}",1.0,1.0,1.0,1.0,1.0,1.0,1.0,0.9,0.9,1.0,0.9800000000000001,0.039999999999999994,1
202,0.0011532068252563476,0.00018836481457783818,0.0003892183303833008,5.086930114490965e-05,0.1,1,0.1,linear,"{'C': 0.1, 'degree': 1, 'gamma': 0.1, 'kernel': 'linear'}",1.0,1.0,1.0,1.0,1.0,1.0,1.0,0.9,0.9,1.0,0.9800000000000001,0.039999999999999994,1
44,0.001020526885986328,8.833234285912378e-05,0.0003537654876708984,1.4232930211287946e-05,0.01,5,0.15,linear,"{'C': 0.01, 'degree': 5, 'gamma': 0.15, 'kernel': 'linear'}",1.0,1.0,1.0,1.0,1.0,1.0,1.0,0.9,0.9,1.0,0.9800000000000001,0.039999999999999994,1
200,0.0011744499206542969,7.414074152117925e-05,0.00041658878326416015,4.0016276877174546e-05,0.1,1,0.05,linear,"{'C': 0.1, 'degree': 1, 'gamma': 0.05, 'kernel': 'linear'}",1.0,1.0,1.0,1.0,1.0,1.0,1.0,0.9,0.9,1.0,0.9800000000000001,0.039999999999999994,1
46,0.0009944915771484375,1.326978783591722e-05,0.0003531932830810547,1.6420516032120035e-05,0.01,5,0.2,linear,"{'C': 0.01, 'degree': 5, 'gamma': 0.2, 'kernel': 'linear'}",1.0,1.0,1.0,1.0,1.0,1.0,1.0,0.9,0.9,1.0,0.9800000000000001,0.039999999999999994,1
198,0.0010555744171142577,5.887647247747033e-05,0.00036802291870117185,1.6831811350505968e-05,0.1,0,0.2,linear,"{'C': 0.1, 'degree': 0, 'gamma': 0.2, 'kernel': 'linear'}",1.0,1.0,1.0,1.0,1.0,1.0,1.0,0.9,0.9,1.0,0.9800000000000001,0.039999999999999994,1
175,0.0010350465774536133,3.2752508786470285e-05,0.00035691261291503906,1.62352373945553e-05,0.07,3,0.2,poly,"{'C': 0.07, 'degree': 3, 'gamma': 0.2, 'kernel': 'poly'}",1.0,1.0,1.0,1.0,0.9,1.0,1.0,0.9,0.9,1.0,0.97,0.045825756949558386,130
223,0.0011061668395996095,0.00019123189063272164,0.00039179325103759765,7.078021225111325e-05,0.1,3,0.2,poly,"{'C': 0.1, 'degree': 3, 'gamma': 0.2, 'kernel': 'poly'}",1.0,1.0,1.0,1.0,0.9,1.0,1.0,0.9,0.9,1.0,0.97,0.045825756949558386,130
239,0.001045560836791992,3.184708242685046e-05,0.0003540515899658203,1.3208044990982571e-05,0.1,5,0.2,poly,"{'C': 0.1, 'degree': 5, 'gamma': 0.2, 'kernel': 'poly'}",1.0,1.0,1.0,1.0,0.9,1.0,1.0,0.9,0.9,1.0,0.97,0.045825756949558386,130
231,0.0011089086532592774,3.55942969146032e-05,0.00037391185760498046,1.5885567101141205e-05,0.1,4,0.2,poly,"{'C': 0.1, 'degree': 4, 'gamma': 0.2, 'kernel': 'poly'}",1.0,1.0,1.0,1.0,0.9,1.0,1.0,0.9,0.9,0.9,0.96,0.04898979485566354,133
191,0.001093745231628418,2.489374270590302e-05,0.0003667593002319336,1.2428470334138e-05,0.07,5,0.2,poly,"{'C': 0.07, 'degree': 5, 'gamma': 0.2, 'kernel': 'poly'}",0.9,1.0,1.0,1.0,0.8,0.9,1.0,0.9,0.8,0.9,0.9200000000000002,0.0748331477354788,134
127,0.0010570526123046876,2.9023719033212138e-05,0.0003663301467895508,2.3482777700681868e-05,0.05,3,0.2,poly,"{'C': 0.05, 'degree': 3, 'gamma': 0.2, 'kernel': 'poly'}",1.0,1.0,1.0,1.0,0.7,1.0,0.9,0.9,0.7,0.9,0.9099999999999999,0.1135781669160055,135
215,0.0012082338333129882,7.108585377006922e-05,0.0004445314407348633,4.3607696660757515e-05,0.1,2,0.2,poly,"{'C': 0.1, 'degree': 2, 'gamma': 0.2, 'kernel': 'poly'}",1.0,1.0,1.0,1.0,0.6,1.0,0.9,0.9,0.8,0.8,0.9000000000000001,0.12649110640673517,136
183,0.001176166534423828,9.457099469562613e-05,0.0004255056381225586,4.831210571856291e-05,0.07,4,0.2,poly,"{'C': 0.07, 'degree': 4, 'gamma': 0.2, 'kernel': 'poly'}",0.8,1.0,1.0,1.0,0.6,0.9,0.9,0.9,0.7,0.8,0.86,0.128062484748657,137
143,0.0010631561279296875,3.052666648003938e-05,0.00036389827728271483,1.484796565674727e-05,0.05,5,0.2,poly,"{'C': 0.05, 'degree': 5, 'gamma': 0.2, 'kernel': 'poly'}",0.8,0.9,0.9,0.9,0.6,0.9,0.9,0.8,0.7,0.8,0.8200000000000001,0.09797958971132714,138
181,0.0010753870010375977,4.234695873779365e-05,0.0003705739974975586,1.781739863414492e-05,0.07,4,0.15,poly,"{'C': 0.07, 'degree': 4, 'gamma': 0.15, 'kernel': 'poly'}",0.8,0.9,0.9,0.9,0.6,0.9,0.8,0.8,0.7,0.8,0.8099999999999999,0.09433981132056607,139
95,0.0010915756225585937,5.44666396002841e-05,0.00037698745727539064,1.3607749540030996e-05,0.03,5,0.2,poly,"{'C': 0.03, 'degree': 5, 'gamma': 0.2, 'kernel': 'poly'}",0.8,0.9,0.9,0.9,0.6,0.9,0.8,0.8,0.7,0.8,0.8099999999999999,0.09433981132056607,139
201,0.0012653112411499024,0.0002523133358400722,0.0004671573638916016,8.779018863164272e-05,0.1,1,0.05,poly,"{'C': 0.1, 'degree': 1, 'gamma': 0.05, 'kernel': 'poly'}",1.0,0.7,0.7,0.9,0.7,1.0,0.9,0.7,0.7,0.8,0.8099999999999999,0.12206555615733705,139
79,0.0011964797973632812,2.079584103684633e-05,0.0004122495651245117,2.2156373376291425e-05,0.03,3,0.2,poly,"{'C': 0.03, 'degree': 3, 'gamma': 0.2, 'kernel': 'poly'}",0.8,0.9,0.9,0.9,0.6,0.9,0.8,0.8,0.7,0.8,0.8099999999999999,0.09433981132056607,139
107,0.0010388612747192383,1.2614145492634941e-05,0.00036611557006835935,1.4299630067342758e-05,0.05,1,0.1,poly,"{'C': 0.05, 'degree': 1, 'gamma': 0.1, 'kernel': 'poly'}",1.0,0.7,0.7,0.9,0.7,1.0,0.9,0.7,0.7,0.8,0.8099999999999999,0.12206555615733705,139
221,0.0010856866836547851,2.2596509967100732e-05,0.00039916038513183595,3.5487354120033726e-05,0.1,3,0.15,poly,"{'C': 0.1, 'degree': 3, 'gamma': 0.15, 'kernel': 'poly'}",0.8,0.9,0.9,0.9,0.6,0.9,0.8,0.8,0.7,0.8,0.8099999999999999,0.09433981132056607,139
173,0.001036667823791504,1.3912474874325875e-05,0.00036175251007080077,1.6928743277716696e-05,0.07,3,0.15,poly,"{'C': 0.07, 'degree': 3, 'gamma': 0.15, 'kernel': 'poly'}",0.8,0.9,0.9,0.9,0.6,0.9,0.8,0.8,0.7,0.8,0.8099999999999999,0.09433981132056607,139
189,0.001230621337890625,7.197028826691345e-05,0.00044798851013183594,4.004963779315569e-05,0.07,5,0.15,poly,"{'C': 0.07, 'degree': 5, 'gamma': 0.15, 'kernel': 'poly'}",0.8,0.9,0.9,0.9,0.6,0.9,0.8,0.8,0.7,0.8,0.8099999999999999,0.09433981132056607,139
141,0.0010412216186523437,1.150690167497801e-05,0.00036308765411376955,1.6656042066348924e-05,0.05,5,0.15,poly,"{'C': 0.05, 'degree': 5, 'gamma': 0.15, 'kernel': 'poly'}",0.8,0.9,0.9,0.9,0.6,0.9,0.8,0.8,0.7,0.8,0.8099999999999999,0.09433981132056607,139
229,0.0010621070861816407,1.5553518838226683e-05,0.0003676891326904297,1.1832769565963324e-05,0.1,4,0.15,poly,"{'C': 0.1, 'degree': 4, 'gamma': 0.15, 'kernel': 'poly'}",0.8,0.9,0.9,0.9,0.6,0.9,0.8,0.8,0.7,0.8,0.8099999999999999,0.09433981132056607,139
237,0.0010432004928588867,1.636991409154502e-05,0.0003588676452636719,1.2552596677397284e-05,0.1,5,0.15,poly,"{'C': 0.1, 'degree': 5, 'gamma': 0.15, 'kernel': 'poly'}",0.8,0.9,0.9,0.9,0.6,0.9,0.8,0.8,0.7,0.8,0.8099999999999999,0.09433981132056607,139
135,0.0010578155517578125,1.7251293576160948e-05,0.00036203861236572266,1.2860135497131353e-05,0.05,4,0.2,poly,"{'C': 0.05, 'degree': 4, 'gamma': 0.2, 'kernel': 'poly'}",0.8,0.9,0.9,0.9,0.6,0.9,0.8,0.8,0.7,0.8,0.8099999999999999,0.09433981132056607,139
87,0.0010638236999511719,1.8982371615756077e-05,0.0003674030303955078,1.1583315841288765e-05,0.03,4,0.2,poly,"{'C': 0.03, 'degree': 4, 'gamma': 0.2, 'kernel': 'poly'}",0.8,0.9,0.9,0.9,0.6,0.9,0.8,0.8,0.7,0.8,0.8099999999999999,0.09433981132056607,139
47,0.0010398387908935546,1.791194848337073e-05,0.0003614187240600586,1.6013655019157076e-05,0.01,5,0.2,poly,"{'C': 0.01, 'degree': 5, 'gamma': 0.2, 'kernel': 'poly'}",0.8,0.9,0.8,0.9,0.6,0.9,0.8,0.8,0.7,0.8,0.8,0.0894427190999916,152
167,0.0010735034942626954,2.3381120623377255e-05,0.00036585330963134766,7.670448532640013e-06,0.07,2,0.2,poly,"{'C': 0.07, 'degree': 2, 'gamma': 0.2, 'kernel': 'poly'}",0.8,0.9,0.8,0.8,0.7,0.9,0.8,0.8,0.7,0.7,0.79,0.07000000000000003,153
133,0.0010885953903198241,3.0304952209011252e-05,0.0003717899322509766,1.5969489287822687e-05,0.05,4,0.15,poly,"{'C': 0.05, 'degree': 4, 'gamma': 0.15, 'kernel': 'poly'}",0.8,0.7,0.7,0.9,0.6,0.7,0.8,0.8,0.7,0.8,0.75,0.08062257748298553,154
61,0.0010429620742797852,4.5702453634474965e-05,0.00036127567291259765,1.887005863430377e-05,0.03,1,0.15,poly,"{'C': 0.03, 'degree': 1, 'gamma': 0.15, 'kernel': 'poly'}",0.7,0.7,0.7,0.9,0.7,0.8,0.7,0.7,0.7,0.7,0.7300000000000001,0.0640312423743285,155
213,0.0010936498641967774,2.3560159190537906e-05,0.00037136077880859373,1.74209439191626e-05,0.1,2,0.15,poly,"{'C': 0.1, 'degree': 2, 'gamma': 0.15, 'kernel': 'poly'}",0.7,0.7,0.7,0.8,0.7,0.7,0.8,0.7,0.7,0.6,0.71,0.053851648071345064,156
93,0.001796579360961914,0.0017347914753974088,0.0004935264587402344,0.00014983514193540475,0.03,5,0.15,poly,"{'C': 0.03, 'degree': 5, 'gamma': 0.15, 'kernel': 'poly'}",0.7,0.7,0.7,0.9,0.6,0.7,0.7,0.7,0.7,0.7,0.71,0.07000000000000002,156
163,0.0010817527770996093,4.362614405656993e-05,0.0003767967224121094,2.915015960366991e-05,0.07,2,0.1,poly,"{'C': 0.07, 'degree': 2, 'gamma': 0.1, 'kernel': 'poly'}",0.7,0.7,0.7,0.8,0.7,0.7,0.7,0.7,0.7,0.6,0.7,0.0447213595499958,158
71,0.001079559326171875,1.633088952296044e-05,0.0003699064254760742,1.227253701499979e-05,0.03,2,0.2,poly,"{'C': 0.03, 'degree': 2, 'gamma': 0.2, 'kernel': 'poly'}",0.7,0.7,0.7,0.8,0.7,0.7,0.7,0.7,0.7,0.6,0.7,0.0447213595499958,158
69,0.0011441707611083984,0.00010202705176073698,0.00037784576416015624,2.304159843463974e-05,0.03,2,0.15,poly,"{'C': 0.03, 'degree': 2, 'gamma': 0.15, 'kernel': 'poly'}",0.7,0.7,0.7,0.8,0.7,0.7,0.7,0.7,0.7,0.6,0.7,0.0447213595499958,158
165,0.0011075258255004883,8.91259577466002e-05,0.00037784576416015624,1.8915715969121752e-05,0.07,2,0.15,poly,"{'C': 0.07, 'degree': 2, 'gamma': 0.15, 'kernel': 'poly'}",0.7,0.7,0.7,0.8,0.7,0.7,0.7,0.7,0.7,0.6,0.7,0.0447213595499958,158
75,0.0010909795761108398,9.69454300602524e-05,0.0003772258758544922,3.687847606996751e-05,0.03,3,0.1,poly,"{'C': 0.03, 'degree': 3, 'gamma': 0.1, 'kernel': 'poly'}",0.7,0.7,0.7,0.8,0.7,0.7,0.7,0.7,0.7,0.6,0.7,0.0447213595499958,158
119,0.001068282127380371,3.5406892907426836e-05,0.0003652334213256836,1.786308941199582e-05,0.05,2,0.2,poly,"{'C': 0.05, 'degree': 2, 'gamma': 0.2, 'kernel': 'poly'}",0.7,0.7,0.7,0.8,0.7,0.7,0.7,0.7,0.7,0.6,0.7,0.0447213595499958,158
35,0.0010907649993896484,1.7092799778292057e-05,0.00036454200744628906,1.465799285748503e-05,0.01,4,0.1,poly,"{'C': 0.01, 'degree': 4, 'gamma': 0.1, 'kernel': 'poly'}",0.7,0.7,0.7,0.8,0.7,0.7,0.7,0.7,0.7,0.6,0.7,0.0447213595499958,158
117,0.0010607004165649413,1.7941516887729453e-05,0.00036492347717285154,2.6009969991654643e-05,0.05,2,0.15,poly,"{'C': 0.05, 'degree': 2, 'gamma': 0.15, 'kernel': 'poly'}",0.7,0.7,0.7,0.8,0.7,0.7,0.7,0.7,0.7,0.6,0.7,0.0447213595499958,158
115,0.001085519790649414,3.7549525946288944e-05,0.00035898685455322267,1.5809525013901e-05,0.05,2,0.1,poly,"{'C': 0.05, 'degree': 2, 'gamma': 0.1, 'kernel': 'poly'}",0.7,0.7,0.7,0.8,0.7,0.7,0.7,0.7,0.7,0.6,0.7,0.0447213595499958,158
217,0.0010823965072631835,1.8794719721042146e-05,0.000389862060546875,2.141120966633278e-05,0.1,3,0.05,poly,"{'C': 0.1, 'degree': 3, 'gamma': 0.05, 'kernel': 'poly'}",0.7,0.7,0.7,0.8,0.7,0.7,0.7,0.7,0.7,0.6,0.7,0.0447213595499958,158
23,0.0010695695877075196,2.5360486869664462e-05,0.00035808086395263674,1.5487099064995705e-05,0.01,2,0.2,poly,"{'C': 0.01, 'degree': 2, 'gamma': 0.2, 'kernel': 'poly'}",0.7,0.7,0.7,0.8,0.7,0.7,0.7,0.7,0.7,0.6,0.7,0.0447213595499958,158
29,0.0011654376983642578,0.00015446550030056574,0.0004014730453491211,6.11815197093307e-05,0.01,3,0.15,poly,"{'C': 0.01, 'degree': 3, 'gamma': 0.15, 'kernel': 'poly'}",0.7,0.7,0.7,0.8,0.7,0.7,0.7,0.7,0.7,0.6,0.7,0.0447213595499958,158
211,0.0011107683181762694,4.022121429443359e-05,0.0003860235214233398,1.9017808831499872e-05,0.1,2,0.1,poly,"{'C': 0.1, 'degree': 2, 'gamma': 0.1, 'kernel': 'poly'}",0.7,0.7,0.7,0.8,0.7,0.7,0.7,0.7,0.7,0.6,0.7,0.0447213595499958,158
27,0.0011554002761840821,0.00012824568169561264,0.0003921747207641602,5.986969666712592e-05,0.01,3,0.1,poly,"{'C': 0.01, 'degree': 3, 'gamma': 0.1, 'kernel': 'poly'}",0.7,0.7,0.7,0.7,0.7,0.7,0.7,0.7,0.7,0.6,0.69,0.029999999999999992,171
219,0.0011007547378540038,6.266486188461268e-05,0.0003868818283081055,1.6976691984667017e-05,0.1,3,0.1,poly,"{'C': 0.1, 'degree': 3, 'gamma': 0.1, 'kernel': 'poly'}",0.7,0.7,0.7,0.8,0.6,0.7,0.7,0.7,0.7,0.6,0.69,0.05385164807134505,171
37,0.0010628938674926759,4.7047114714174566e-05,0.00038225650787353515,6.679670408329904e-05,0.01,4,0.15,poly,"{'C': 0.01, 'degree': 4, 'gamma': 0.15, 'kernel': 'poly'}",0.7,0.7,0.7,0.8,0.6,0.7,0.7,0.7,0.7,0.6,0.69,0.05385164807134505,171
227,0.0010560989379882813,1.837438640386768e-05,0.0003607988357543945,1.765844916568375e-05,0.1,4,0.1,poly,"{'C': 0.1, 'degree': 4, 'gamma': 0.1, 'kernel': 'poly'}",0.7,0.7,0.7,0.8,0.6,0.7,0.7,0.7,0.7,0.6,0.69,0.05385164807134505,171
31,0.0010350704193115234,1.642570780872756e-05,0.00036242008209228513,1.6497618173943967e-05,0.01,3,0.2,poly,"{'C': 0.01, 'degree': 3, 'gamma': 0.2, 'kernel': 'poly'}",0.7,0.7,0.7,0.8,0.6,0.7,0.7,0.7,0.7,0.6,0.69,0.05385164807134505,171
187,0.0010778665542602538,3.759120113452174e-05,0.00037026405334472656,1.5055902023230963e-05,0.07,5,0.1,poly,"{'C': 0.07, 'degree': 5, 'gamma': 0.1, 'kernel': 'poly'}",0.7,0.7,0.7,0.8,0.6,0.7,0.7,0.7,0.7,0.6,0.69,0.05385164807134505,171
39,0.0010667562484741211,3.6826996877755416e-05,0.0003644227981567383,1.2843328035257673e-05,0.01,4,0.2,poly,"{'C': 0.01, 'degree': 4, 'gamma': 0.2, 'kernel': 'poly'}",0.7,0.7,0.7,0.8,0.6,0.7,0.7,0.7,0.7,0.6,0.69,0.05385164807134505,171
131,0.0011857032775878906,7.035196998811681e-05,0.0004593849182128906,9.667018154054908e-05,0.05,4,0.1,poly,"{'C': 0.05, 'degree': 4, 'gamma': 0.1, 'kernel': 'poly'}",0.7,0.7,0.7,0.8,0.6,0.7,0.7,0.7,0.7,0.6,0.69,0.05385164807134505,171
233,0.0010325193405151367,1.0752149260185142e-05,0.0003629446029663086,1.3756586731656609e-05,0.1,5,0.05,poly,"{'C': 0.1, 'degree': 5, 'gamma': 0.05, 'kernel': 'poly'}",0.7,0.7,0.7,0.7,0.7,0.7,0.7,0.7,0.7,0.6,0.69,0.029999999999999992,171
235,0.0010396242141723633,1.3809046856369544e-05,0.0003629922866821289,1.600648305095085e-05,0.1,5,0.1,poly,"{'C': 0.1, 'degree': 5, 'gamma': 0.1, 'kernel': 'poly'}",0.7,0.7,0.7,0.8,0.6,0.7,0.7,0.7,0.7,0.6,0.69,0.05385164807134505,171
45,0.0010943651199340821,0.00011746815645840532,0.0003848075866699219,5.541373012946204e-05,0.01,5,0.15,poly,"{'C': 0.01, 'degree': 5, 'gamma': 0.15, 'kernel': 'poly'}",0.7,0.7,0.7,0.8,0.6,0.7,0.7,0.7,0.7,0.6,0.69,0.05385164807134505,171
225,0.0011309146881103515,2.2893696359499238e-05,0.00037953853607177737,2.017574876850779e-05,0.1,4,0.05,poly,"{'C': 0.1, 'degree': 4, 'gamma': 0.05, 'kernel': 'poly'}",0.7,0.7,0.7,0.7,0.7,0.7,0.7,0.7,0.7,0.6,0.69,0.029999999999999992,171
185,0.0010880708694458007,1.603160635967107e-05,0.0004075765609741211,4.19248411185696e-05,0.07,5,0.05,poly,"{'C': 0.07, 'degree': 5, 'gamma': 0.05, 'kernel': 'poly'}",0.7,0.7,0.7,0.7,0.7,0.7,0.7,0.7,0.7,0.6,0.69,0.029999999999999992,171
67,0.0010731935501098633,2.2733946014724924e-05,0.00035953521728515625,1.3939231483479064e-05,0.03,2,0.1,poly,"{'C': 0.03, 'degree': 2, 'gamma': 0.1, 'kernel': 'poly'}",0.7,0.7,0.7,0.7,0.7,0.7,0.7,0.7,0.7,0.6,0.69,0.029999999999999992,171
85,0.001060175895690918,1.2615046725117855e-05,0.0003691196441650391,1.4146401192692304e-05,0.03,4,0.15,poly,"{'C': 0.03, 'degree': 4, 'gamma': 0.15, 'kernel': 'poly'}",0.7,0.7,0.7,0.8,0.6,0.7,0.7,0.7,0.7,0.6,0.69,0.05385164807134505,171
91,0.0010449647903442382,2.1428631628391594e-05,0.0003686666488647461,1.0743687205654554e-05,0.03,5,0.1,poly,"{'C': 0.03, 'degree': 5, 'gamma': 0.1, 'kernel': 'poly'}",0.7,0.7,0.7,0.8,0.6,0.7,0.7,0.7,0.7,0.6,0.69,0.05385164807134505,171
139,0.0010331392288208008,1.6300596478569414e-05,0.0003582000732421875,1.2826476390798253e-05,0.05,5,0.1,poly,"{'C': 0.05, 'degree': 5, 'gamma': 0.1, 'kernel': 'poly'}",0.7,0.7,0.7,0.8,0.6,0.7,0.7,0.7,0.7,0.6,0.69,0.05385164807134505,171
77,0.0010615825653076173,2.4068045578727503e-05,0.00038695335388183594,3.9959978076854976e-05,0.03,3,0.15,poly,"{'C': 0.03, 'degree': 3, 'gamma': 0.15, 'kernel': 'poly'}",0.7,0.7,0.7,0.8,0.6,0.7,0.7,0.7,0.7,0.6,0.69,0.05385164807134505,171
171,0.0010467290878295899,1.662823882607328e-05,0.0003678560256958008,1.6266875259396278e-05,0.07,3,0.1,poly,"{'C': 0.07, 'degree': 3, 'gamma': 0.1, 'kernel': 'poly'}",0.7,0.7,0.7,0.8,0.6,0.7,0.7,0.7,0.7,0.6,0.69,0.05385164807134505,171
137,0.001038360595703125,1.3091676852579043e-05,0.0003615379333496094,1.382178121097849e-05,0.05,5,0.05,poly,"{'C': 0.05, 'degree': 5, 'gamma': 0.05, 'kernel': 'poly'}",0.7,0.7,0.7,0.7,0.7,0.7,0.7,0.7,0.7,0.6,0.69,0.029999999999999992,171
125,0.0010574817657470702,2.7605782963648452e-05,0.0003665924072265625,1.687026684107421e-05,0.05,3,0.15,poly,"{'C': 0.05, 'degree': 3, 'gamma': 0.15, 'kernel': 'poly'}",0.7,0.7,0.7,0.8,0.6,0.7,0.7,0.7,0.7,0.6,0.69,0.05385164807134505,171
177,0.001090669631958008,1.3909921022607309e-05,0.00035598278045654295,1.357288722976081e-05,0.07,4,0.05,poly,"{'C': 0.07, 'degree': 4, 'gamma': 0.05, 'kernel': 'poly'}",0.7,0.7,0.7,0.7,0.7,0.7,0.7,0.7,0.7,0.6,0.69,0.029999999999999992,171
179,0.001055765151977539,1.1304561050572206e-05,0.0003741741180419922,2.0342903719164795e-05,0.07,4,0.1,poly,"{'C': 0.07, 'degree': 4, 'gamma': 0.1, 'kernel': 'poly'}",0.7,0.7,0.7,0.8,0.6,0.7,0.7,0.7,0.7,0.6,0.69,0.05385164807134505,171
123,0.0011188030242919923,8.882934903958932e-05,0.00037217140197753906,1.3379510255478583e-05,0.05,3,0.1,poly,"{'C': 0.05, 'degree': 3, 'gamma': 0.1, 'kernel': 'poly'}",0.7,0.7,0.7,0.8,0.6,0.7,0.7,0.7,0.7,0.6,0.69,0.05385164807134505,171
83,0.0010580062866210938,1.0320633313810568e-05,0.00036761760711669924,1.2327162820633524e-05,0.03,4,0.1,poly,"{'C': 0.03, 'degree': 4, 'gamma': 0.1, 'kernel': 'poly'}",0.7,0.7,0.7,0.8,0.6,0.7,0.7,0.7,0.7,0.6,0.69,0.05385164807134505,171
43,0.0010371208190917969,1.566684022516886e-05,0.00035979747772216795,1.0612412419178323e-05,0.01,5,0.1,poly,"{'C': 0.01, 'degree': 5, 'gamma': 0.1, 'kernel': 'poly'}",0.7,0.7,0.7,0.7,0.6,0.7,0.7,0.7,0.7,0.6,0.6799999999999999,0.039999999999999994,196
121,0.0010724544525146484,3.5361711257334146e-05,0.0003750085830688477,2.3578729603902417e-05,0.05,3,0.05,poly,"{'C': 0.05, 'degree': 3, 'gamma': 0.05, 'kernel': 'poly'}",0.7,0.7,0.7,0.7,0.7,0.7,0.7,0.6,0.7,0.6,0.6799999999999999,0.039999999999999994,196
153,0.001101064682006836,0.00014748164756190295,0.00036597251892089844,1.1176721222635541e-05,0.07,1,0.05,poly,"{'C': 0.07, 'degree': 1, 'gamma': 0.05, 'kernel': 'poly'}",0.7,0.7,0.7,0.7,0.7,0.7,0.7,0.6,0.7,0.6,0.6799999999999999,0.039999999999999994,196
209,0.001178407669067383,6.290367764000448e-05,0.0004360675811767578,5.871170667342079e-05,0.1,2,0.05,poly,"{'C': 0.1, 'degree': 2, 'gamma': 0.05, 'kernel': 'poly'}",0.7,0.7,0.7,0.7,0.7,0.7,0.7,0.6,0.7,0.6,0.6799999999999999,0.039999999999999994,196
89,0.0010434627532958985,7.957753599332827e-06,0.00037393569946289065,2.3909520458096363e-05,0.03,5,0.05,poly,"{'C': 0.03, 'degree': 5, 'gamma': 0.05, 'kernel': 'poly'}",0.7,0.7,0.7,0.7,0.7,0.7,0.7,0.6,0.7,0.6,0.6799999999999999,0.039999999999999994,196
129,0.0011074066162109375,1.6124148208473194e-05,0.0003701686859130859,1.643608644205969e-05,0.05,4,0.05,poly,"{'C': 0.05, 'degree': 4, 'gamma': 0.05, 'kernel': 'poly'}",0.7,0.7,0.7,0.7,0.7,0.7,0.7,0.6,0.7,0.6,0.6799999999999999,0.039999999999999994,196
81,0.0011078119277954102,1.244592939746345e-05,0.00037653446197509765,1.4014896288086638e-05,0.03,4,0.05,poly,"{'C': 0.03, 'degree': 4, 'gamma': 0.05, 'kernel': 'poly'}",0.7,0.7,0.7,0.7,0.7,0.7,0.7,0.6,0.7,0.6,0.6799999999999999,0.039999999999999994,196
169,0.0010828018188476563,6.393257214955646e-05,0.0003946542739868164,5.4146748992316654e-05,0.07,3,0.05,poly,"{'C': 0.07, 'degree': 3, 'gamma': 0.05, 'kernel': 'poly'}",0.7,0.7,0.7,0.7,0.7,0.7,0.7,0.6,0.7,0.6,0.6799999999999999,0.039999999999999994,196
17,0.0012023448944091797,5.9122712161868994e-05,0.0004975795745849609,8.234537319385716e-05,0.01,2,0.05,poly,"{'C': 0.01, 'degree': 2, 'gamma': 0.05, 'kernel': 'poly'}",0.7,0.7,0.7,0.7,0.7,0.7,0.7,0.6,0.6,0.6,0.6699999999999999,0.04582575694955839,204
15,0.0010192394256591797,1.1401793671816199e-05,0.00035879611968994143,1.688920932877653e-05,0.01,1,0.2,poly,"{'C': 0.01, 'degree': 1, 'gamma': 0.2, 'kernel': 'poly'}",0.7,0.7,0.7,0.7,0.7,0.7,0.7,0.6,0.6,0.6,0.6699999999999999,0.04582575694955839,204
13,0.0010340452194213868,3.8266954384491395e-05,0.0003632783889770508,1.8459526731126893e-05,0.01,1,0.15,poly,"{'C': 0.01, 'degree': 1, 'gamma': 0.15, 'kernel': 'poly'}",0.7,0.7,0.7,0.7,0.7,0.7,0.7,0.6,0.6,0.6,0.6699999999999999,0.04582575694955839,204
113,0.0010770797729492188,1.3809026274405485e-05,0.00035922527313232423,1.585189533936799e-05,0.05,2,0.05,poly,"{'C': 0.05, 'degree': 2, 'gamma': 0.05, 'kernel': 'poly'}",0.7,0.7,0.7,0.7,0.7,0.7,0.7,0.6,0.6,0.6,0.6699999999999999,0.04582575694955839,204
11,0.001009988784790039,7.839440715736755e-06,0.00035893917083740234,1.2479681132376133e-05,0.01,1,0.1,poly,"{'C': 0.01, 'degree': 1, 'gamma': 0.1, 'kernel': 'poly'}",0.7,0.7,0.7,0.7,0.7,0.7,0.7,0.6,0.6,0.6,0.6699999999999999,0.04582575694955839,204
145,0.000997638702392578,1.28949851720888e-05,0.00036132335662841797,1.718012253343388e-05,0.07,0,0.05,poly,"{'C': 0.07, 'degree': 0, 'gamma': 0.05, 'kernel': 'poly'}",0.7,0.7,0.7,0.7,0.7,0.7,0.7,0.6,0.6,0.6,0.6699999999999999,0.04582575694955839,204
9,0.001027369499206543,1.9914003697103163e-05,0.0003614664077758789,1.5410935075723127e-05,0.01,1,0.05,poly,"{'C': 0.01, 'degree': 1, 'gamma': 0.05, 'kernel': 'poly'}",0.7,0.7,0.7,0.7,0.7,0.7,0.7,0.6,0.6,0.6,0.6699999999999999,0.04582575694955839,204
53,0.0009836435317993164,1.8374958715154055e-05,0.00035247802734375,1.3677914091390023e-05,0.03,0,0.15,poly,"{'C': 0.03, 'degree': 0, 'gamma': 0.15, 'kernel': 'poly'}",0.7,0.7,0.7,0.7,0.7,0.7,0.7,0.6,0.6,0.6,0.6699999999999999,0.04582575694955839,204
199,0.0010876893997192384,6.79919000537333e-05,0.00040895938873291015,3.871921394844383e-05,0.1,0,0.2,poly,"{'C': 0.1, 'degree': 0, 'gamma': 0.2, 'kernel': 'poly'}",0.7,0.7,0.7,0.7,0.7,0.7,0.7,0.6,0.6,0.6,0.6699999999999999,0.04582575694955839,204
55,0.0011458873748779296,2.0099068023747668e-05,0.0005482912063598632,6.30913450291015e-05,0.03,0,0.2,poly,"{'C': 0.03, 'degree': 0, 'gamma': 0.2, 'kernel': 'poly'}",0.7,0.7,0.7,0.7,0.7,0.7,0.7,0.6,0.6,0.6,0.6699999999999999,0.04582575694955839,204
5,0.000991511344909668,7.798911886619389e-06,0.0003561973571777344,1.5971909565344223e-05,0.01,0,0.15,poly,"{'C': 0.01, 'degree': 0, 'gamma': 0.15, 'kernel': 'poly'}",0.7,0.7,0.7,0.7,0.7,0.7,0.7,0.6,0.6,0.6,0.6699999999999999,0.04582575694955839,204
57,0.0010148286819458008,8.919691205895524e-06,0.0003500938415527344,1.196766275838546e-05,0.03,1,0.05,poly,"{'C': 0.03, 'degree': 1, 'gamma': 0.05, 'kernel': 'poly'}",0.7,0.7,0.7,0.7,0.7,0.7,0.7,0.6,0.6,0.6,0.6699999999999999,0.04582575694955839,204
3,0.0009923219680786134,1.2731395856205455e-05,0.00035865306854248046,1.3811845717754752e-05,0.01,0,0.1,poly,"{'C': 0.01, 'degree': 0, 'gamma': 0.1, 'kernel': 'poly'}",0.7,0.7,0.7,0.7,0.7,0.7,0.7,0.6,0.6,0.6,0.6699999999999999,0.04582575694955839,204
73,0.001059103012084961,1.4934521525287782e-05,0.00036623477935791013,7.931459085128512e-06,0.03,3,0.05,poly,"{'C': 0.03, 'degree': 3, 'gamma': 0.05, 'kernel': 'poly'}",0.7,0.7,0.7,0.7,0.7,0.7,0.7,0.6,0.6,0.6,0.6699999999999999,0.04582575694955839,204
1,0.001002359390258789,1.2729319544573657e-05,0.0003644466400146484,1.5509380548176308e-05,0.01,0,0.05,poly,"{'C': 0.01, 'degree': 0, 'gamma': 0.05, 'kernel': 'poly'}",0.7,0.7,0.7,0.7,0.7,0.7,0.7,0.6,0.6,0.6,0.6699999999999999,0.04582575694955839,204
59,0.001022195816040039,1.1572121667570125e-05,0.0003677845001220703,2.254668420431174e-05,0.03,1,0.1,poly,"{'C': 0.03, 'degree': 1, 'gamma': 0.1, 'kernel': 'poly'}",0.7,0.7,0.7,0.7,0.7,0.7,0.7,0.6,0.6,0.6,0.6699999999999999,0.04582575694955839,204
147,0.0012152910232543946,0.00026812392813004715,0.00043759346008300783,9.681010991945904e-05,0.07,0,0.1,poly,"{'C': 0.07, 'degree': 0, 'gamma': 0.1, 'kernel': 'poly'}",0.7,0.7,0.7,0.7,0.7,0.7,0.7,0.6,0.6,0.6,0.6699999999999999,0.04582575694955839,204
7,0.0010068655014038087,1.723865252936637e-05,0.00036160945892333985,1.8116376576256134e-05,0.01,0,0.2,poly,"{'C': 0.01, 'degree': 0, 'gamma': 0.2, 'kernel': 'poly'}",0.7,0.7,0.7,0.7,0.7,0.7,0.7,0.6,0.6,0.6,0.6699999999999999,0.04582575694955839,204
19,0.0010751247406005859,1.641289845573059e-05,0.00035808086395263674,1.2973761179956643e-05,0.01,2,0.1,poly,"{'C': 0.01, 'degree': 2, 'gamma': 0.1, 'kernel': 'poly'}",0.7,0.7,0.7,0.7,0.7,0.7,0.7,0.6,0.6,0.6,0.6699999999999999,0.04582575694955839,204
21,0.00107421875,1.1675306940931877e-05,0.00035774707794189453,1.3818922660321298e-05,0.01,2,0.15,poly,"{'C': 0.01, 'degree': 2, 'gamma': 0.15, 'kernel': 'poly'}",0.7,0.7,0.7,0.7,0.7,0.7,0.7,0.6,0.6,0.6,0.6699999999999999,0.04582575694955839,204
41,0.0010296821594238282,1.127737520979139e-05,0.00036046504974365237,1.5978474501000732e-05,0.01,5,0.05,poly,"{'C': 0.01, 'degree': 5, 'gamma': 0.05, 'kernel': 'poly'}",0.7,0.7,0.7,0.7,0.7,0.7,0.7,0.6,0.6,0.6,0.6699999999999999,0.04582575694955839,204
197,0.0010297060012817382,2.334785073832438e-05,0.00038018226623535154,2.1909928023986708e-05,0.1,0,0.15,poly,"{'C': 0.1, 'degree': 0, 'gamma': 0.15, 'kernel': 'poly'}",0.7,0.7,0.7,0.7,0.7,0.7,0.7,0.6,0.6,0.6,0.6699999999999999,0.04582575694955839,204
161,0.0010808706283569336,1.4640240343911904e-05,0.00036487579345703127,1.008045481574789e-05,0.07,2,0.05,poly,"{'C': 0.07, 'degree': 2, 'gamma': 0.05, 'kernel': 'poly'}",0.7,0.7,0.7,0.7,0.7,0.7,0.7,0.6,0.6,0.6,0.6699999999999999,0.04582575694955839,204
49,0.0009764671325683594,7.540362145237761e-06,0.0003581047058105469,1.4417524547931339e-05,0.03,0,0.05,poly,"{'C': 0.03, 'degree': 0, 'gamma': 0.05, 'kernel': 'poly'}",0.7,0.7,0.7,0.7,0.7,0.7,0.7,0.6,0.6,0.6,0.6699999999999999,0.04582575694955839,204
33,0.0010870695114135742,2.3072772449061734e-05,0.0003632783889770508,1.8465068736538387e-05,0.01,4,0.05,poly,"{'C': 0.01, 'degree': 4, 'gamma': 0.05, 'kernel': 'poly'}",0.7,0.7,0.7,0.7,0.7,0.7,0.7,0.6,0.6,0.6,0.6699999999999999,0.04582575694955839,204
195,0.0011350393295288086,0.0001256931375248032,0.0003901243209838867,2.167041275589526e-05,0.1,0,0.1,poly,"{'C': 0.1, 'degree': 0, 'gamma': 0.1, 'kernel': 'poly'}",0.7,0.7,0.7,0.7,0.7,0.7,0.7,0.6,0.6,0.6,0.6699999999999999,0.04582575694955839,204
51,0.0009798288345336914,1.8744628806583902e-05,0.00036408901214599607,2.6082698342653272e-05,0.03,0,0.1,poly,"{'C': 0.03, 'degree': 0, 'gamma': 0.1, 'kernel': 'poly'}",0.7,0.7,0.7,0.7,0.7,0.7,0.7,0.6,0.6,0.6,0.6699999999999999,0.04582575694955839,204
97,0.0009968042373657226,8.105846003164592e-06,0.0003580331802368164,9.315456600032987e-06,0.05,0,0.05,poly,"{'C': 0.05, 'degree': 0, 'gamma': 0.05, 'kernel': 'poly'}",0.7,0.7,0.7,0.7,0.7,0.7,0.7,0.6,0.6,0.6,0.6699999999999999,0.04582575694955839,204
65,0.0011107683181762694,3.0179959471178364e-05,0.0003722667694091797,2.099145273824482e-05,0.03,2,0.05,poly,"{'C': 0.03, 'degree': 2, 'gamma': 0.05, 'kernel': 'poly'}",0.7,0.7,0.7,0.7,0.7,0.7,0.7,0.6,0.6,0.6,0.6699999999999999,0.04582575694955839,204
101,0.00099334716796875,5.318604982689775e-06,0.0003608226776123047,8.950196623281808e-06,0.05,0,0.15,poly,"{'C': 0.05, 'degree': 0, 'gamma': 0.15, 'kernel': 'poly'}",0.7,0.7,0.7,0.7,0.7,0.7,0.7,0.6,0.6,0.6,0.6699999999999999,0.04582575694955839,204
193,0.0010316848754882812,2.4913041727589913e-05,0.00036323070526123047,1.0511663985905451e-05,0.1,0,0.05,poly,"{'C': 0.1, 'degree': 0, 'gamma': 0.05, 'kernel': 'poly'}",0.7,0.7,0.7,0.7,0.7,0.7,0.7,0.6,0.6,0.6,0.6699999999999999,0.04582575694955839,204
25,0.0010376691818237305,1.2893155647502887e-05,0.0003631353378295898,1.927697885262552e-05,0.01,3,0.05,poly,"{'C': 0.01, 'degree': 3, 'gamma': 0.05, 'kernel': 'poly'}",0.7,0.7,0.7,0.7,0.7,0.7,0.7,0.6,0.6,0.6,0.6699999999999999,0.04582575694955839,204
103,0.0010136842727661132,3.644718317181666e-05,0.0003620624542236328,1.0891424159194636e-05,0.05,0,0.2,poly,"{'C': 0.05, 'degree': 0, 'gamma': 0.2, 'kernel': 'poly'}",0.7,0.7,0.7,0.7,0.7,0.7,0.7,0.6,0.6,0.6,0.6699999999999999,0.04582575694955839,204
151,0.00099334716796875,1.46758981939899e-05,0.00035424232482910155,1.4944414306601656e-05,0.07,0,0.2,poly,"{'C': 0.07, 'degree': 0, 'gamma': 0.2, 'kernel': 'poly'}",0.7,0.7,0.7,0.7,0.7,0.7,0.7,0.6,0.6,0.6,0.6699999999999999,0.04582575694955839,204
105,0.001028752326965332,1.1519072194087315e-05,0.0003596067428588867,9.090628733703258e-06,0.05,1,0.05,poly,"{'C': 0.05, 'degree': 1, 'gamma': 0.05, 'kernel': 'poly'}",0.7,0.7,0.7,0.7,0.7,0.7,0.7,0.6,0.6,0.6,0.6699999999999999,0.04582575694955839,204
149,0.0010155439376831055,3.970184808204566e-05,0.00035598278045654295,1.2873477356739988e-05,0.07,0,0.15,poly,"{'C': 0.07, 'degree': 0, 'gamma': 0.15, 'kernel': 'poly'}",0.7,0.7,0.7,0.7,0.7,0.7,0.7,0.6,0.6,0.6,0.6699999999999999,0.04582575694955839,204
99,0.0009904861450195312,5.533365986014808e-06,0.00036716461181640625,1.797018259640815e-05,0.05,0,0.1,poly,"{'C': 0.05, 'degree': 0, 'gamma': 0.1, 'kernel': 'poly'}",0.7,0.7,0.7,0.7,0.7,0.7,0.7,0.6,0.6,0.6,0.6699999999999999,0.04582575694955839,204
