listing_id,sentiment_rating
49091,0.9615
50646,0.9334400000000002
56334,0.9362428571428572
71609,0.6814461538461539
71896,0.7473000000000002
71903,0.5642461538461538
71907,0.8582947368421053
241503,0.945293693693694
241508,0.9314343511450378
275343,0.8511352941176471
275344,0.9122999999999999
294281,0.8335838383838386
301247,0.7776
324945,0.9505299999999999
330089,0.9718
344803,0.7839090909090909
369141,0.8591999999999997
369145,0.8099894308943089
395191,0.8426666666666666
423875,0.7761555555555555
468782,0.8895955223880598
553229,0.7148842105263158
604966,0.8541624999999999
696136,0.9315434782608697
746929,0.9175820224719106
756267,0.8604276595744682
756300,0.8408374999999998
765579,0.95355
804470,0.9974
819034,0.868039393939394
819044,0.8772698113207549
881253,0.6852
915275,0.5352
918880,0.9551846153846154
922509,0.8018599999999999
982909,0.895446405228758
1024986,0.8321077519379848
1142414,0.71385
1178486,0.9358299999999999
1183421,0.8962346153846152
1210268,0.8776833333333334
1229614,0.7881481481481482
1233249,0.8179761904761905
1242205,0.9079714285714287
1244654,0.9371
1261443,0.9747
1277842,0.861993103448276
1277919,0.6545444444444445
1302185,0.8162080645161292
1315867,0.8865132075471696
1363204,0.24676666666666666
1413962,0.9085685185185187
1434208,0.9334399999999998
1466685,0.9419076923076921
1508829,0.6319800000000001
1521198,0.8607947368421053
1615074,0.8519
1622505,0.9063199999999998
1647014,0.8237442307692304
1654840,0.8519
1678744,0.7937357894736843
1678754,0.7844500000000001
1678755,0.7741844827586206
1715479,0.7658999999999999
1719704,0.49565
1726303,0.8909499999999999
1743439,0.8268999999999999
1766900,0.24529999999999993
1804722,0.9826
1816463,0.73316
1833950,0.8847681818181816
1857229,0.5876600000000001
1900478,0.6486
1902729,0.9124666666666666
1902793,0.56855
2001199,0.8933
2009008,0.8165
2030544,0.9539333333333334
2030663,0.9524
2036711,0.6498032258064513
2085130,0.6631
2090082,0.7834987012987016
2090132,0.7426240000000004
2095865,0.9427391304347826
2121839,0.9057219047619048
2128831,0.5723
2128875,0.9192
2129215,0.8980808943089432
2142826,0.7200187499999998
2146015,0.7525000000000001
2156329,0.8329714285714286
2156372,0.841057142857143
2320536,0.99205
2357514,0.7984155660377357
2362558,0.8320058823529412
2375063,0.722693269230769
2377875,0.9150233333333333
2387096,0.8248
2387588,0.7577459459459461
2387715,0.7808166666666666
2387766,0.7271444444444445
2427007,0.8923
2451003,0.5533677419354839
2484135,0.7116615384615385
2488036,0.8059202247191013
2488042,0.49314374999999994
2547370,0.3182
2547778,0.4055
2696834,0.8145523809523809
2731054,0.902023076923077
2764928,0.9243399999999999
2838555,0.8187731707317074
2840554,0.8152657894736841
2858696,0.7129653333333336
2868366,0.697720114942529
3000736,0.8779642857142856
3000786,0.9843
3034137,0.7719400000000001
3075620,0.9829
3078453,0.9501333333333334
3085308,0.9014500000000001
3116909,0.7513333333333334
3141018,0.9018999999999999
3141692,0.6916666666666668
3142075,0.73384
3142155,0.8519
3158949,0.7028639175257732
3179080,0.9351454545454545
3207194,0.748344
3209752,0.8995692307692308
3209768,0.8563692307692311
3212083,0.8894153846153846
3253216,0.77105
3304326,0.9722999999999999
3380992,0.8046363636363636
3419511,0.6900439393939394
3460343,0.7586175324675325
3468326,0.8415541176470588
3479446,0.7667033333333333
3479493,0.7160520000000001
3576098,0.8235666666666666
3580558,0.9037857142857143
3639516,0.7450429752066114
3651408,0.7766103448275861
3667894,0.6486
3717196,0.6902777777777778
3717217,0.7298727272727272
3753251,0.7871311827956987
3788645,0.86255
3802621,0.6416999999999999
3803160,0.783175
3804385,0.85845
3822245,0.7406083333333334
3877859,0.8910708333333331
3902423,0.9493
3953547,0.9661
3980202,0.7833722222222222
3981252,0.94505
3990431,0.6613888888888888
3990847,0.7380869565217391
3991040,0.6768807692307692
3995441,0.8252476190476189
4007891,0.6796722222222223
4008423,0.783017647058823
4021128,0.92134
4026199,0.7865083333333334
4027867,0.6644783783783782
4054698,0.7555640000000001
4069756,0.7111000000000001
4087935,0.9151500000000001
4091059,0.7885187050359711
4108082,0.8732424242424237
4138944,0.8256795454545457
4139205,0.7179474358974357
4179725,0.8561
4183194,0.9185962962962962
4191686,0.8074
4191852,0.75948
4252548,0.8403588235294116
4271250,0.9039233009708739
4309836,0.7779090909090907
4360679,0.7718687500000002
4360811,0.7084439024390243
4360902,0.6830966887417219
4380000,0.5117
4383465,0.9391
4412603,0.7234892857142856
4430984,0.9737
4441346,0.9364
4450681,0.8384
4486217,0.9527777777777777
4499317,0.8470357142857142
4505008,0.6938839999999997
4521061,0.9294124999999999
4526703,0.9587
4541072,0.8176
4541183,0.8524746666666657
4545820,0.684275471698113
4561032,0.06875
4561463,0.9947
4576362,0.7812843137254901
4583694,0.8576428571428572
4584539,0.7483824561403507
4586160,0.7484833333333333
4600559,0.82345
4608708,0.8669
4613432,0.832465
4616523,0.8207343283582088
4619928,0.651
4645834,0.7292233333333333
4656221,0.6151395348837209
4656316,0.7220566666666668
4664392,0.8091578947368423
4683314,0.9084625
4702699,0.9349
4712676,0.9952
4721463,0.9709
4730292,0.7442265306122448
4761064,0.9764999999999999
4771752,0.9776
4863317,0.8779
4869221,0.8909999999999999
4926170,0.1667
4926634,0.7029940594059407
4934283,0.4089
4973227,0.8180121621621625
4979889,0.7465133333333334
4990392,0.6781769230769228
4990462,0.7430346153846153
4996744,0.9659
5006143,0.7184
5040689,0.9741
5052014,0.8032333333333334
5079606,0.9440666666666666
5082033,0.9501
5111893,0.87235
5116961,0.7140000000000001
5117966,0.8470571428571427
5118006,0.6113909090909089
5128182,0.9726
5129422,0.7291393939393939
5177256,0.8027422222222225
5184871,0.8070564516129032
5185612,0.7653955882352942
5186159,0.8039127659574469
5186205,0.7457446428571429
5186243,0.7645761904761902
5214226,0.8149299999999998
5233415,0.8300250000000001
5246432,0.8952874999999999
5253599,0.91426
5253639,0.6097904761904763
5272363,0.79448
5302410,0.9669
5331445,0.5382181818181818
5339318,0.8976
5348703,0.8392719696969697
5355795,0.834246896551724
5376182,0.8262290780141841
5376240,0.8650163398692811
5377148,0.8238065693430662
5377342,0.8408809523809528
5386637,0.7284555555555555
5428995,0.9802
5446857,0.8486666666666668
5447608,0.8421166666666668
5448209,0.85922
5464246,0.8484222222222222
5481530,0.7539800000000001
5492177,0.82838125
5493930,0.810109090909091
5494971,0.8874198198198198
5504230,0.8240400000000001
5540894,0.8736058823529413
5551665,0.8125222222222221
5573458,0.7322
5584157,0.8202215384615384
5609608,0.8083186046511628
5610714,-0.3091
5623917,0.6897117647058824
5676325,0.8707000000000001
5714743,0.8400428571428572
5774164,0.5843499999999999
5786355,0.7988250000000001
5787221,0.860111111111111
5798211,0.8302920454545455
5827713,0.8730329032258068
5827998,0.8502633986928103
5854894,0.7350625000000001
5889741,0.8841706349206347
5897641,0.9290814814814818
5902912,0.8251622641509436
5908083,0.7615186046511628
5919270,0.8376902985074628
5939811,0.977
5975052,0.7543636363636363
5992537,0.8132315789473684
6020248,0.8653749999999999
6023517,0.6724671052631578
6026527,0.6744666666666667
6026528,0.90886
6034462,0.8347617021276594
6055601,0.9544
6068744,0.8594944444444443
6128096,0.835748888888889
6141976,0.8464250000000001
6142390,0.84545
6147142,0.85185
6170451,0.8325666666666667
6178568,0.7890999999999999
6179573,0.6569391304347826
6183734,0.8459216666666663
6190850,0.9467
6221711,0.857760330578513
6242964,0.6417916666666666
6261313,0.823175
6269622,0.8679
6271100,0.712436
6287204,0.7099125
6299510,0.82363
6300577,0.7674
6305559,0.9348
6308806,0.6849000000000001
6317686,0.9348
6337983,0.8784764705882351
6342987,0.9169
6349839,0.9220666666666667
6352827,0.7209366197183096
6352835,0.8982666666666667
6419148,0.9361153846153848
6426115,0.7753081081081079
6481052,0.8190380952380953
6485145,0.6899741573033706
6518372,0.8829390243902442
6522074,0.8130529411764705
6528111,0.9782000000000001
6529707,0.8532555555555554
6553302,0.7861666666666666
6591835,0.9019
6603464,0.7606333333333334
6605136,0.8273699999999999
6620261,0.9848333333333333
6628037,0.7481555555555556
6630341,0.897890322580645
6638508,0.9356666666666666
6663906,0.9267916666666668
6668889,0.9043
6669434,-0.2382
6686851,0.8555520000000001
6693516,0.9405666666666668
6697057,0.8053684210526315
6716844,0.43745
6718219,0.9097608695652172
6718514,0.8513000000000002
6791925,0.8798
6803701,0.8484
6823606,0.7875
6824319,0.2822
6845452,0.88595
6888824,0.7656910714285713
6890874,0.9721500000000001
6891630,0.749
6941608,0.8379117647058822
6946972,0.8407
6947366,0.8513857142857143
6959415,0.8629875
6962492,0.6900357142857143
6983613,0.8800194444444442
6993627,0.830758620689655
7010578,0.8967837209302324
7054222,0.8245417218543046
7085521,0.7685166666666666
7107229,0.795525
7123932,0.922
7143817,0.8385731182795699
7156419,0.8156545454545455
7162659,0.5092
7164777,0.97505
7165778,0.8210307692307693
7169214,0.8018764705882354
7181966,0.7343599999999999
7182042,0.8572500000000001
7182463,0.7911666666666667
7227025,0.84842
7229906,0.59715
7235859,0.9621500000000001
7246427,0.9527
7250803,0.7968649999999998
7255642,0.9117
7256010,0.8302
7256865,0.7257
7265781,0.87675
7268453,0.765
7285134,0.8226733333333331
7287975,0.9619
7296138,0.8082764705882353
7311328,0.8665150537634408
7312255,0.72172
7321238,0.8088444444444445
7330207,0.7226857142857143
7336489,0.8682
7350502,0.8448680000000002
7379192,0.6908
7399093,0.6527038461538461
7441844,0.9244749999999999
7470884,0.9328
7486446,0.8437985714285712
7508511,0.9558
7538532,0.7722909090909091
7570596,0.694067213114754
7576008,0.9252499999999999
7605283,0.88770243902439
7622220,0.9281866666666667
7628360,0.7879681818181818
7641522,0.675
7653937,0.9723
7660589,0.8298333333333333
7662314,0.8829571428571428
7666349,0.9191666666666666
7667016,0.9623
7681974,0.9356444444444446
7684283,0.8479875
7733844,0.7748785714285715
7735143,0.95715
7765392,0.9724444444444446
7766300,-0.7999
7769781,0.8503470588235293
7791384,0.9179833333333333
7808030,0.6791533333333335
7811392,0.9528
7814843,0.8436315315315316
7827659,0.8480986486486488
7829853,0.6975111111111111
7830009,0.6827153846153847
7830012,0.6166999999999999
7843168,0.8495999999999998
7846524,0.7695
7868833,0.8628029411764706
7875935,0.8896000000000001
7888339,0.29656666666666665
7891758,0.8214083333333334
7894542,0.9235555555555555
7898449,0.8188725
7902847,0.5797
7905972,0.8445
7912670,0.8257722222222221
7927886,0.8331952380952381
7946472,0.802
7957893,0.7729333333333334
7959059,0.8363666666666668
7991469,0.7711279999999999
7994039,0.9493
8004063,0.6485500000000001
8007663,0.7582999999999999
8017511,0.7320565217391305
8036127,0.7055100000000001
8038199,0.7642990384615386
8055914,0.8525085106382978
8061522,0.8605545454545453
8097455,0.9349999999999999
8111502,0.7988125
8113569,0.8916
8113821,0.8902
8113893,0.634525
8113936,0.9725
8114003,0.8927428571428571
8133710,0.8189818181818183
8143933,0.4265
8156821,0.8224631578947368
8157630,0.7444500000000001
8158680,0.7414000000000001
8158710,0.9020666666666667
8160733,0.77325
8173978,0.7860000000000001
8174016,0.9431
8174481,0.8904
8174505,0.779769230769231
8176323,0.9109999999999999
8176609,0.8957
8180346,0.8065810810810815
8195397,0.6753402298850574
8195910,0.6574807692307694
8196180,0.585442857142857
8196359,0.7728
8200542,0.7893897637795273
8212422,0.6591400000000001
8247580,0.8316
8250221,0.8151666666666667
8256942,0.733625
8257109,0.900225
8264717,0.9028209876543211
8277151,0.7673217821782181
8313460,0.6001144736842106
8313545,0.5649796874999999
8313660,0.6547727272727272
8313733,0.6139785714285714
8330622,0.70742
8343880,0.4520200000000001
8344754,0.5786285714285714
8345651,0.22468333333333332
8345921,0.3909000000000001
8348566,0.9076214285714286
8355592,0.5854333333333334
8355844,0.7842641025641026
8364169,0.9274777777777778
8364495,0.7639907563025207
8372023,0.8000943396226415
8372113,0.792287012987013
8380826,0.7812
8391846,0.7929999999999999
8398148,0.6940000000000001
8399111,0.8714177777777776
8410224,0.828375
8414030,0.9254666666666668
8432015,0.8833842105263157
8432287,0.8854714285714286
8445747,0.7506
8460997,0.8499
8492097,0.7615833333333333
8508225,0.7891400000000002
8508289,0.7819135135135137
8512566,0.8157307692307693
8513587,0.6418857142857142
8583021,0.9674
8598680,0.9265
8616705,0.8785666666666666
8625349,0.8580249999999999
8626676,0.8193583333333333
8654132,0.8182857142857142
8654673,0.8175266666666666
8658119,0.7709666666666667
8664337,0.7860661016949153
8681954,-0.3412
8705956,0.8189428571428571
8706704,0.4558400000000001
8721639,0.8127727272727271
8726476,0.6277666666666667
8775217,0.6970857142857143
8779986,0.7409330434782605
8815351,0.77484375
8829303,0.5794812500000001
8851732,0.762
8852917,0.7778
8853121,0.8689
8888094,0.93815
8890247,0.8411323529411765
8897560,0.8217500000000001
8899095,0.8168200000000001
8914905,0.8126
8949945,0.9394666666666667
9000149,0.866825
9016784,0.4844285714285714
9030732,0.939225
9032240,0.5994
9033647,0.7556285714285715
9033891,0.8481
9054629,0.8232437499999998
9054941,0.7906
9055103,0.7381000000000001
9097877,0.8705255555555554
9104449,0.6614
9116730,0.7905275862068966
9142805,0.7991904761904761
9143024,0.6416304347826086
9157484,0.6908
9216943,0.6176533333333333
9219733,0.9317
9268058,0.7408058823529412
9268500,0.6446000000000001
9268680,0.7771636363636364
9269260,0.9028999999999999
9269637,0.895
9269848,0.5821
9269981,0.8044
9281075,0.8875590909090909
9283072,-0.4567
9320962,0.8279462686567163
9321841,0.6964058823529411
9336337,0.9945
9337650,0.7865142857142856
9338441,0.6387
9353629,0.9888
9358969,0.55639
9359194,-0.14395
9377436,0.9607333333333333
9381814,0.9494333333333334
9391037,0.5576437499999999
9402064,0.8887476190476193
9459389,0.6993499999999999
9464059,0.7075671052631575
9464676,0.8560249999999999
9476931,0.8174999999999999
9506967,0.6529858024691358
9513005,0.6855837209302325
9519477,0.93294
9520655,0.9009499999999999
9532339,0.8175428571428572
9532788,0.8448239436619718
9549665,0.981
9549823,0.8969
9549885,0.80545
9551814,0.9546
9552806,0.8851
9555530,0.739025
9563744,0.7974789473684213
9565472,0.8922960000000003
9571325,0.5982
9584573,0.97455
9619878,0.8183
9637324,0.869775
9637478,0.55465
9637729,0.09696000000000002
9654411,0.8173
9659327,0.9557800000000001
9667448,0.9041400000000002
9669437,-0.0132
9683612,0.5352111111111112
9696725,0.7751874999999999
9699851,0.986
9716208,0.8453600000000001
9717005,0.6207851851851852
9738917,0.9619500000000001
9746208,0.8174518518518517
9760045,0.3345833333333333
9763409,0.9404
9776604,0.8930181818181818
9778024,0.7802547445255476
9802857,0.8608097902097902
9828451,0.9376833333333333
9857050,0.9153
9866651,0.8030555555555554
9866904,0.7541611111111111
9866917,0.8832297872340426
9866970,0.8638727272727272
9866985,-0.3818
9869425,0.875
9898989,0.9583
9901369,0.7796383561643835
9910891,0.8177777777777778
9927724,0.7008456375838924
9928008,0.8792527027027027
9932692,0.842
9959188,0.71875
9962463,0.9863
9967697,0.6370625000000001
9979272,0.9574
9980935,0.7706272727272726
9985237,0.8937652173913043
9985690,0.8797
9986864,0.8179000000000001
10001615,0.7993074074074075
10013630,0.858414606741573
10020525,0.8155333333333333
10020690,0.6927294117647058
10021140,0.6212666666666667
10021610,0.4457761904761904
10023519,0.6935478260869564
10024927,0.6170571428571429
10027442,0.6452105263157895
10040456,0.606625
10040969,0.6493666666666669
10041012,0.69955
10044375,0.6490916666666667
10075591,0.9643
10084321,0.6754058823529413
10106290,0.8535117647058824
10107535,0.8715860465116276
10126030,0.7564500000000001
10214097,0.7079689655172412
10214705,0.8628250000000001
10225514,0.7076513513513512
10244337,0.569642857142857
10273463,0.8258125000000002
10299900,0.8863866666666669
10304845,0.6784857142857144
10322041,0.9795
10343519,0.9307666666666666
10367479,0.8346296875
10381460,0.7221476190476189
10427701,0.6369
10459862,0.8277526315789473
10466406,0.9059499999999999
10478373,0.8456745098039216
10479544,0.7700031249999999
10484336,0.946
10510548,0.8681690476190473
10553010,0.6424
10554463,0.93835
10575957,0.9378500000000001
10598600,0.7920703703703702
10626378,0.7713222222222222
10626652,0.71526875
10638481,0.9332333333333334
10638837,0.9717
10687969,0.9620636363636365
10712397,0.9384666666666667
10715256,0.9008
10717141,0.82164
10718463,0.8498846153846155
10748142,0.9232066666666667
10798427,0.9991
10814989,0.7057005347593582
10818230,0.7461
10819460,0.8528765957446811
10822025,0.5673666666666667
10827113,0.853553225806452
10848771,0.8312172566371684
10916250,0.7936769230769232
10981264,0.94
11025923,0.24463333333333337
11025991,0.3325333333333333
11127543,0.5574
11150272,0.8785
11170452,0.7865736842105262
11178283,0.7858933333333332
11228389,0.8093888888888886
11244820,0.7317421052631579
11245028,0.7361710526315791
11245263,0.7835269230769227
11245360,0.7375142857142858
11247508,0.9106333333333333
11249182,0.777711111111111
11262375,0.9190666666666667
11263684,0.7208559999999999
11267014,0.777867857142857
11282735,0.9861
11283772,0.357925
11302386,0.8094153846153844
11380394,0.6395666666666666
11380721,0.73929
11380963,0.8300370370370372
11381088,0.8344586206896548
11404431,0.7972777777777779
11441534,0.77185
11443262,0.8356
11450306,0.901625
11463897,0.7941999999999999
11470713,0.8959999999999999
11472477,0.5893153846153845
11501881,0.8952
11514647,0.9918
11518055,0.6893384615384617
11521661,0.7371735294117647
11541093,0.7037960526315791
11544732,0.96275
11555138,0.5516
11555323,0.19134999999999996
11555381,0.7599
11555543,0.564125
11555620,0.4404
11555697,0.44475
11581560,0.9658599999999999
11612771,0.7443298701298702
11642282,0.8670603773584907
11660178,0.711
11664911,0.7184
11671761,0.6864058823529412
11679463,0.64194
11687045,0.7092728971962617
11711038,0.5376239130434783
11713539,0.6505032258064517
11714703,0.5625707317073173
11723475,0.802788888888889
11723491,0.94355
11747097,0.7499300000000001
11747584,0.8076706896551729
11750250,0.6431352112676055
11760026,0.9896
11778273,0.7000916666666667
11801190,0.7312681818181819
11817134,0.7916287671232877
11839854,0.784175
11863888,0.7680666666666666
11865360,0.740150724637681
11894606,0.6482399999999999
11930273,0.8986000000000001
11965790,0.7701692307692307
11971734,0.7557868686868687
11972403,0.7572330935251798
11980197,0.8398250000000003
11994037,0.870709589041096
11995133,0.56035
11996813,0.8711
12019245,0.7337499999999999
12033925,0.8371066666666667
12035349,0.7872837837837837
12045687,0.8922
12061224,0.7640867924528301
12072978,0.9233
12093250,0.8177
12097789,0.5719
12118751,0.944576923076923
12142684,0.9905
12162272,0.8373241758241766
12200704,0.9371
12211385,0.671470588235294
12219588,0.8507257142857142
12221088,0.6073
12240256,0.8204416666666665
12253253,0.7979444444444445
12299369,0.9282666666666667
12302060,0.5745
12317780,0.8766
12328723,0.9024800000000001
12331551,0.9194166666666667
12345284,0.6431824561403509
12347038,0.7555878787878786
12365867,0.8263399999999999
12366660,0.8146
12366958,0.8178368421052632
12367042,0.63325
12367245,0.5798934782608696
12367388,0.698634375
12367610,0.6410571428571429
12369768,0.8735
12438623,0.988
12455215,0.6522125000000001
12475063,0.8027519230769233
12484261,0.8369201183431948
12498108,0.18799999999999997
12525276,0.8375166666666667
12525278,0.6705
12534865,0.7321377358490566
12536372,0.8651516129032265
12578193,0.9558333333333332
12596642,0.6708727272727274
12598972,0.95845
12604150,0.9399000000000001
12687038,0.7873411764705881
12696326,0.9705
12702541,0.82773125
12703293,0.8700999999999998
12710735,0.87525
12738797,0.8903
12738896,0.7220666666666666
12762246,0.8125428571428571
12787541,0.9553
12801097,0.027749999999999997
12805743,0.883064137931034
12816043,0.6731
12839857,0.81504099378882
12841880,0.57035
12859055,0.777440350877193
12893088,0.802
12904788,0.68945
12924764,0.8214612500000001
12924827,0.9108117647058824
12940550,0.6369400000000001
12941049,0.9593
12941785,0.9547
12947194,0.7935148148148149
12963813,0.89925
12973338,0.85215
12975736,0.77435
12992216,0.8763749999999999
12998449,0.8291880597014925
13038831,0.8922057142857139
13049120,0.7123666666666667
13066336,0.8245538461538461
13088479,0.79018
13107567,0.8136000000000001
13129971,0.7880805555555557
13147568,0.97925
13165990,0.83298
13183241,0.87555
13184548,0.9757
13213519,0.8282
13225522,0.9622999999999999
13226950,-0.07645000000000002
13241591,0.5614
13243736,0.8031128205128204
13253512,0.8454666666666667
13254555,0.797025
13265702,0.39314444444444446
13266699,0.9221800000000002
13274269,0.9021125000000001
13274598,0.7490727272727272
13282424,0.8323121951219512
13283938,0.8295791666666666
13285000,0.9629
13286282,0.7555035714285715
13325975,0.8738407407407408
13338509,0.28338
13349525,0.6656333333333334
13354987,0.8342999999999999
13361848,0.9128
13364584,0.82735
13377049,0.8224833333333331
13381343,0.7003
13387049,0.94608
13398813,0.88525
13399444,0.918126086956522
13418425,0.8012374999999997
13454638,0.88934
13466226,0.7972999999999999
13468399,0.7402599999999999
13472462,0.8176
13477082,0.97865
13488112,0.96055
13523211,0.9838
13556435,0.7415318181818182
13559548,0.74105
13566223,0.7823
13614579,0.9305
13625358,0.807
13633684,0.40535000000000004
13642646,0.7826533333333334
13643303,0.8067
13668845,0.8781636363636363
13669212,0.84195
13692568,0.9149666666666666
13695010,0.8185588235294118
13703898,0.8529576923076923
13717530,0.7047599999999999
13735926,0.9669
13771375,0.7178666666666667
13803431,0.9084190476190473
13809823,0.947746153846154
13811978,0.7465333333333333
13819163,0.35735
13839454,0.7674777777777777
13872285,0.9897
13891078,0.6221590909090908
13915924,0.7425166666666666
13924029,0.6249
13926988,0.6582857142857144
13929091,0.302075
13931737,0.7347583333333333
13934542,0.975
13952292,0.92525
13965663,0.7176285714285714
13966783,0.7579
13982434,0.6528499999999999
13986033,0.5106
13986824,0.8807
13998008,0.8150478260869565
14002684,0.6249
14009803,0.73245
14020127,0.8549111111111112
14078493,0.7563931818181817
14081402,0.88245
14082015,0.8941749999999999
14094341,0.6901
14099732,0.807
14131949,0.7795583333333332
14170922,0.738444444444444
14172084,0.6252666666666666
14176577,0.8765999999999999
14191894,0.7553588235294119
14196558,0.9873
14196766,0.81875
14211027,0.8536612903225805
14211423,0.8541
14222817,0.9612666666666666
14223124,0.8662230769230769
14240615,0.731
14245740,0.8182526315789467
14248210,0.8081852941176471
14289091,0.7803666666666667
14293554,0.82345
14305256,0.8465714285714286
14325761,0.8562133333333334
14332483,0.7108733333333334
14334230,0.7399542857142856
14341511,0.8844
14377235,0.8769750000000001
14378115,0.8811235294117646
14380449,0.9365200000000001
14381353,0.7357846153846155
14397294,0.819428813559322
14404610,0.8149599999999999
14417793,0.7434000000000001
14432097,0.74146
14435012,0.8979
14462406,0.6738727272727276
14489603,0.687765
14496852,0.8129470588235294
14497186,0.7101249999999999
14509613,0.8692310344827586
14515500,0.8001041666666667
14518361,0.8386880952380954
14524075,0.7468470588235294
14530157,0.874825
14548711,0.7453041666666667
14557631,0.7692640625000001
14577360,0.9252499999999999
14581356,0.711542857142857
14582945,0.5106
14583967,0.87015
14599317,0.7665166666666666
14620083,0.8573
14637459,0.9149333333333334
14653908,0.8466333333333335
14680376,0.7295875
14682068,0.83745625
14701395,0.6723
14717542,0.49345
14719882,0.5863999999999999
14731717,0.7388461538461537
14734016,0.90424
14774581,0.6155999999999999
14775222,0.6249
14790116,0.8854470588235293
14809750,0.905
14840872,0.8320785714285714
14843589,0.8977
14846870,0.9916
14891826,0.9186090909090909
14901562,0.2577
14902239,0.9061
14953906,0.5577
14984234,0.8510470588235294
14987419,0.9542
15045224,0.8624
15077998,0.7032333333333333
15086977,0.9738
15091338,0.537775
15100514,0.9359
15109137,0.4404
15126351,0.6852666666666667
15133689,0.5642400000000001
15135575,0.9117000000000001
15152061,0.8316
15154001,0.790694285714286
15156744,0.598475
15197371,0.7425583333333333
15234993,-0.9145
15274648,0.8385888888888888
15314758,0.6748777777777779
15316856,0.8807444444444443
15346634,0.7349647887323942
15347449,0.33793333333333336
15348725,0.912
15362541,0.6471346153846155
15364548,0.6524967741935483
15364942,0.9655
15367409,0.42840000000000006
15390749,0.04453333333333335
15393345,0.689310843373494
15394158,0.5218
15394784,0.6135533333333334
15413048,0.8077578947368421
15428071,0.784575
15428715,0.8322117647058823
15435418,0.77345
15438962,0.7512391304347825
15439131,0.5719
15441196,0.7616499999999999
15454153,0.781825
15455547,0.8210263157894737
15455706,0.8803
15484588,0.63635
15489649,0.6681647058823529
15492056,0.8957999999999999
15508557,0.6092500000000001
15529082,0.721
15532514,0.48648787878787875
15532644,0.6059818181818183
15533066,0.6632482142857142
15533093,0.6994085714285715
15536743,0.6490036363636364
15538540,0.8847
15547717,0.6386823529411765
15547918,0.6961590909090909
15580911,0.6996393617021275
15581172,0.6269321428571429
15581173,0.6143868421052632
15581193,0.612055172413793
15589669,0.5203
15619288,0.6971333333333334
15639658,0.8485333333333333
15650807,0.978
15668269,0.6146792079207921
15671630,0.7518
15672118,0.5713
15712633,0.6809399999999999
15722457,0.8484758620689654
15722934,0.7987375000000001
15724789,0.8206
15725449,0.5719
15725690,0.9575
15727280,0.74485
15750877,0.6749885714285715
15751182,0.7464
15751335,0.72395
15768398,0.9117714285714286
15773382,0.2724
15774113,0.6762140186915887
15775439,0.982
15792137,0.79833
15792808,0.7542333333333333
15809023,0.9327
15813099,0.9366
15813306,0.7975199999999999
15821020,0.8403770833333333
15822581,0.7852333333333333
15845410,0.9670666666666667
15850697,0.5859
15866510,0.8354149999999999
15870203,0.8868
15875928,0.8991333333333333
15876117,0.8312999999999999
15893111,0.8544928571428574
15896087,0.8285600000000001
15902723,0.7839148148148146
15906140,0.894509090909091
15906477,0.9169235294117647
15919067,0.9231
15921068,0.9586
15943782,0.553475
15946383,0.6327462962962963
15949448,0.9408333333333334
15965563,0.5267
15978100,0.474875
15991345,0.9061388888888889
16006904,0.8509818181818182
16007139,0.7697375000000001
16008908,0.8858333333333333
16027385,0.6639999999999999
16044788,0.7424916666666667
16057988,0.7974913043478261
16075986,0.5689071428571428
16110969,0.62085
16112614,0.640775
16118606,0.7842166666666669
16136815,0.9111666666666668
16140165,0.7837357142857143
16148118,0.9307
16149105,0.6249
16150227,0.8707333333333334
16167315,0.7147753846153844
16174252,0.864125
16177101,0.6395559322033899
16179392,0.9395874999999999
16183428,0.6312090909090909
16193260,0.6811499999999999
16195443,0.88625
16207539,0.6908
16208216,0.46103333333333335
16209070,0.7003
16213115,0.661425
16220876,0.9540000000000001
16231818,0.8274953125
16232588,0.8591
16237964,0.57715
16241471,0.305975
16260783,0.88508
16274109,0.9208
16280294,0.8493840000000001
16281437,0.8499690476190475
16282278,0.79298
16291031,0.8669039999999998
16295158,0.8363063829787235
16296968,0.8875222222222222
16309636,0.8221459999999999
16317734,0.9059
16332500,0.5652333333333333
16370834,0.8920999999999999
16375896,0.6642687500000001
16381367,0.915425
16382475,0.7784249999999999
16383852,0.8891
16388822,0.719875
16391421,0.6142543689320389
16398913,0.846125
16401676,0.6169423076923076
16407251,0.8800307692307693
16407722,0.7543
16407773,0.8763506493506493
16408793,0.6249
16411839,0.7717054054054053
16412115,0.8109076923076923
16412556,0.8167052631578949
16417299,0.8261666666666668
16418916,0.6179999999999999
16425946,0.9904
16427874,0.7235066666666667
16428014,0.7323311111111112
16429519,0.8093225806451614
16435779,0.8345142857142855
16460492,0.8221552631578947
16502098,0.7567161616161615
16519375,0.75865
16519829,0.6360806451612905
16521063,0.8996
16522880,0.7243090909090909
16524551,0.8151222222222222
16546964,0.9714
16552273,0.6369
16565237,0.6723676056338026
16565287,0.739025925925926
16568254,0.86665
16578060,0.6803499999999998
16582518,0.7966666666666667
16584402,0.7198472222222221
16590009,0.6340714285714286
16590155,0.2712333333333334
16590376,0.1983
16590513,0.7383142857142857
16590689,0.11792500000000003
16592588,0.7665
16592870,0.3612
16598021,0.64899375
16603353,0.69465
16605632,0.8885
16606463,0.7783419354838709
16607091,0.644275
16607454,0.8102185185185186
16618127,0.657643157894737
16618602,0.6092539325842697
16620686,0.7538242857142856
16621264,0.7592199999999999
16636319,0.77415
16665444,0.66995
16677104,0.9674
16678046,0.9213333333333334
16701352,0.8690653846153846
16702357,0.43002
16711969,0.606946875
16715096,0.7240888888888888
16726178,0.7070563218390802
16730755,0.8161
16741381,0.7334833333333333
16742820,0.7851100000000001
16743909,0.8010153846153847
16747836,0.6132148148148148
16750061,0.7617
16758638,0.9269333333333334
16761916,0.76115
16799416,0.8442
16803564,0.5770500000000001
16811553,0.2263
16812677,0.706261111111111
16813107,0.6259736842105262
16813277,0.37645
16813372,0.7502214285714287
16823251,0.7679407407407408
16830368,0.37517500000000004
16830438,0.41664999999999996
16830539,0.804445
16830612,0.3391
16830660,0.7603714285714286
16830915,0.7162166666666666
16831108,0.6848714285714286
16846533,0.7413764705882353
16848828,0.58751
16850703,0.7589918918918918
16863370,0.6799000000000001
16865763,0.30773333333333336
16881298,0.9391
16891958,0.8184699999999997
16932344,0.8228500000000001
16936558,0.7151172413793103
16945653,0.81074
16947051,0.7724333333333334
16964241,0.5860666666666665
16966634,0.8953499999999999
16981748,0.65512
16985394,0.78435
16991336,0.5048000000000001
17015281,0.5456
17016908,0.7547457627118646
17046048,0.70435
17049465,0.8214133333333333
17053896,0.23712499999999997
17084283,0.7931759999999999
17093761,0.6692782608695652
17106212,0.611148275862069
17122972,0.7754636363636364
17123186,0.7964
17123698,0.7502500000000001
17142437,0.6890307692307692
17145048,-0.08274999999999999
17179470,0.9574285714285714
17191773,0.8517874999999999
17228916,0.682790625
17231060,0.6501777777777779
17275135,0.8022727272727272
17302758,0.7016
17309287,0.9659333333333334
17332999,0.9057000000000001
17373997,0.7264
17390721,0.9797
17391691,0.797835135135135
17392067,0.8321333333333335
17399550,0.7950685185185186
17410029,0.6079229508196721
17414394,0.6203833333333334
17416854,0.8239874999999997
17454856,0.7284690476190475
17471289,0.656528787878788
17483368,0.9169
17483524,0.7766000000000001
17488373,0.8687
17488498,0.8389704081632654
17488629,0.8168543209876541
17488732,0.7885256756756757
17507048,0.6640785714285714
17519803,0.9001
17532583,0.9007000000000001
17552757,0.6019833333333333
17595156,0.6283
17601150,0.8568600000000003
17616042,0.7865313953488374
17619960,0.7354684210526317
17626246,0.9863666666666666
17626886,0.7986500000000001
17627294,0.6364499999999998
17641382,0.8408666666666665
17657915,0.7467236363636364
17669253,0.9273666666666666
17672050,0.4610440000000001
17677387,0.43135
17684121,0.8769
17705645,0.8204111111111111
17712132,0.7042968749999999
17736530,0.8359058823529413
17766467,0.9356
17768467,0.684142857142857
17769862,0.6993393442622952
17778761,0.3487999999999999
17798438,0.7539272727272727
17798496,0.7429888888888888
17805144,0.6265999999999999
17812922,0.8388789473684211
17813026,0.6537714285714286
17813122,0.8094368421052631
17814354,0.2452333333333333
17831833,0.8859999999999999
17832551,0.9501
17838889,0.8733296296296296
17849002,0.8944000000000001
17855048,0.9298
17859496,0.8148571428571428
17868090,-0.10743333333333331
17881638,0.23628
17881784,0.6221142857142857
17884419,0.76864
17896554,0.41461428571428577
17900978,0.670125
17917998,0.748602380952381
17927897,0.8856999999999999
17928170,0.7639611111111113
17928273,0.8131117647058824
17929042,0.6557666666666668
17929045,0.7207
17929049,0.61295
17929053,0.7535999999999999
17929054,0.9134
17929055,0.6640874999999999
17949590,0.7309838709677419
17951810,0.684575
17956150,0.9066624999999999
17999451,0.9035333333333334
18000521,0.85535
18011660,0.7875294117647059
18013085,0.8603818181818184
18051934,0.8699
18052476,0.7243230769230767
18062352,0.7634236842105263
18080682,0.7195423076923078
18081902,0.8362166666666667
18086207,0.8711142857142856
18102244,0.9408000000000001
18109887,0.667523076923077
18117026,0.7967333333333334
18144507,0.7331833333333334
18144702,0.7531483870967743
18151459,0.8881333333333332
18153307,0.7083482758620692
18165035,0.7363347826086958
18169687,0.84805
18199481,0.7365285714285713
18202395,0.7377230769230768
18203227,0.6156166666666666
18214792,0.7900333333333333
18235755,0.7870267441860462
18253219,0.8
18254294,0.8721075949367088
18259421,0.7542675000000001
18277072,0.7851600000000001
18286281,0.8856
18305496,0.738425
18378150,0.49659999999999993
18395154,0.8542921348314606
18421322,0.9711
18434466,0.7763369565217393
18443242,0.7500267241379307
18443344,0.7003
18450908,0.7919252173913043
18452331,0.7293836065573771
18471415,0.7725268292682923
18484277,0.8309000000000001
18487688,0.8773428571428571
18492050,0.8909999999999999
18508828,0.76508
18509748,0.846095
18513959,0.7717
18516282,0.5818249999999999
18517165,0.8955363636363637
18566096,0.80105
18572753,0.8606866666666665
18582303,0.5325325581395348
18589278,0.9517333333333333
18605664,0.3445666666666667
18609695,0.61058
18617838,-0.6249
18619859,0.8167466666666667
18646201,0.7269
18658800,0.9401999999999999
18664648,0.4938857142857143
18674998,0.6896333333333334
18675202,0.8028
18679631,0.4404
18684661,0.5858666666666666
18724523,0.9708
18737139,0.8571629629629629
18755310,0.7360552325581392
18757509,0.44730000000000003
18759060,0.6213285714285715
18780571,0.8060288888888887
18830269,0.858
18850989,0.7089652777777778
18858584,0.6977333333333334
18886111,0.9763
18887526,0.66695
18899288,0.706425
18903533,0.8412999999999999
18903757,0.5719
18905203,0.931978947368421
18906439,0.9077
18915769,0.9747
18915772,0.8147800000000001
18915776,0.4404
18939913,0.8356666666666667
18954357,0.8496785714285714
19007966,0.4927
19009257,0.8346839506172835
19027624,0.9099
19039775,0.6393934782608695
19091188,0.7348625
19094235,0.715390909090909
19094250,0.8300099999999999
19107598,0.8313396226415093
19115460,0.6920282051282053
19125341,0.8176
19128310,0.8534
19163641,0.8110479166666664
19184003,0.7351
19184005,0.95415
19184009,0.6423
19184011,0.8815999999999999
19184013,0.78155
19184500,0.7523846153846154
19184501,0.6895625
19184502,0.6736076923076925
19184503,0.7233133333333334
19199981,0.6609444444444443
19200431,0.8397
19218794,0.8600296296296297
19220212,0.8828692307692306
19229162,0.7082615384615385
19231081,0.7404333333333335
19236258,0.8471126582278479
19273088,0.6578857142857143
19286135,0.8815714285714287
19299883,0.9838
19323522,0.91
19337115,0.8782326923076924
19340760,0.01194999999999996
19351097,0.8031277777777779
19361265,0.74729375
19364738,0.8221294117647058
19366049,0.9316565217391306
19366100,0.9124952380952384
19367655,0.7949666666666667
19368196,-0.3241
19369423,0.8341769230769229
19375677,0.758742857142857
19414794,0.6808
19416540,0.8076461538461538
19498193,0.8705
19507614,0.7758490909090908
19509543,0.7746099999999998
19516846,0.7626185714285714
19518380,0.6465
19543668,0.8834
19555519,0.8043047619047619
19575817,0.7845
19575854,0.7637857142857143
19576036,0.6469180722891567
19580455,0.700948148148148
19595322,0.7955090909090909
19595827,0.8042111111111111
19615310,0.8332392857142855
19619644,0.8111846153846154
19625924,0.7190363636363636
19626434,0.8361000000000001
19629044,0.756248
19629485,0.6296999999999998
19634599,0.49527272727272725
19645713,0.9273038461538459
19646154,0.8748076923076924
19648215,0.59816
19650919,0.8206833333333335
19652882,0.9459
19663166,0.6747
19665635,0.97125
19668740,0.8166
19681403,0.9147
19681895,0.7445363636363638
19685674,0.7256714285714285
19714010,0.87794
19720477,0.7826500000000001
19741381,0.6801444444444443
19746238,0.9436
19758048,0.8089999999999999
19773521,0.9459
19774490,0.8957
19780831,0.8515047619047619
19790710,0.9807
19799435,0.8658999999999999
19800389,0.864775
19801431,0.6249
19801615,0.8544639999999997
19831199,0.8243781249999999
19832720,0.6908
19832956,-0.9624
19834053,0.7066
19837897,0.7272400000000001
19838603,0.6881375000000001
19847774,0.436
19856273,0.9762
19895150,0.4774
19918177,0.877
19936126,0.7280969696969695
19953933,0.8583166666666666
19971871,0.9714
19975545,0.8236722222222223
20000821,0.8215857142857143
20004373,0.9559624999999999
20004744,0.8380411764705883
20016671,0.9712
20018299,0.8325600000000003
20019928,0.8111166666666666
20027881,0.5565
20039387,0.8566307692307691
20040797,0.7535761904761905
20040955,0.5719
20059256,0.9032199999999999
20060105,0.771375
20060493,0.9118
20065234,0.16296666666666668
20069280,0.7955888888888889
20084815,0.8416625
20094056,0.6630499999999999
20096441,0.7701
20096620,0.6891875000000001
20097996,0.33126666666666665
20098415,0.9437
20100445,0.8489125
20125122,0.9455
20127889,0.7641166666666667
20141569,0.8402838235294117
20155952,0.8759151515151515
20156054,0.45233999999999996
20157156,0.8652187499999999
20177941,0.8035181818181818
20181595,0.5647
20181944,0.7814
20182075,0.92788
20195421,0.7611461538461538
20196237,0.6889454545454545
20207839,0.8410791208791211
20223050,0.8876666666666666
20234954,0.882
20247516,0.7876399999999999
20256486,0.82705
20257908,0.8602000000000001
20335984,0.8443147058823531
20395120,0.8786
20396642,0.71882
20397202,0.8096071428571427
20397739,0.6154999999999999
20413265,0.8998000000000002
20418062,0.70346
20419305,0.7530857142857142
20426981,0.9776
20426982,0.9511749999999999
20441993,0.73535
20442964,0.6288714285714285
20446077,0.8625
20449193,0.85025
20459428,0.5867
20469489,0.6438
20478669,0.8537
20481470,0.9252666666666668
20485337,0.9451
20503734,0.894975
20509542,0.6833767123287673
20509769,0.6940924999999999
20512779,0.9023727272727274
20525209,0.9144
20539655,0.7389785714285715
20545965,0.7906
20546154,0.5206
20573629,0.9592
20580799,0.5847555555555556
20581173,0.4404
20581281,0.9876
20588444,0.8408891891891892
20593641,0.5716428571428571
20598841,0.7520457142857144
20609405,0.8216750000000002
20620685,0.804575
20621511,0.8514470588235296
20625773,0.6343
20628822,0.6267
20631082,0.9105
20659099,0.0601
20672785,0.9129749999999999
20698050,0.6613866666666668
20703034,0.8828190476190475
20714046,0.9819
20715202,0.5564199999999999
20747182,0.5292
20769549,0.3947
20774607,0.9817
20776819,0.7769999999999999
20778113,0.9779
20791161,0.98425
20798153,0.7111615384615385
20803693,0.6438666666666667
20805118,0.8651352941176471
20806898,0.8271
20812149,0.8114293333333333
20823632,0.7146
20824274,0.8362
20836357,0.8481
20836530,0.5719
20836628,0.7414
20836629,-0.6587
20836943,0.8433342105263154
20838902,0.43744999999999995
20838903,0.836
20838905,0.7003
20838906,0.77365
20838910,-0.9451
20840013,0.6732833333333335
20840015,0.8481
20842916,0.7713
20842922,0.8233
20859006,0.5681166666666667
20865016,0.521848
20865905,0.7619266666666665
20874042,0.7500956521739129
20874431,0.7995822222222222
20888336,0.8744484374999999
20904654,-0.3595
20935053,0.87385
20936240,0.8481000000000001
20950425,0.729877966101695
20982852,0.6249
20984770,0.51705
20998924,0.6735044444444445
21004589,0.9497
21013726,0.7003
21014924,0.8833214285714285
21015824,0.9542
21015873,0.8904333333333333
21015874,0.7429428571428571
21015876,0.7632222222222222
21015880,0.8454705882352942
21015881,0.64058
21015977,0.9133
21037382,0.6794575342465754
21037446,0.6823000000000001
21037930,0.6249
21044510,0.9202153846153845
21055977,0.7275516129032258
21061528,0.8667809523809522
21063861,0.846642857142857
21069176,0.7824333333333332
21069270,0.6835888888888888
21084415,0.7307
21106419,0.8376888888888889
21114838,0.87608
21127335,0.9204833333333333
21149987,0.8431500000000001
21151983,0.7925333333333334
21151992,0.8123
21154124,0.9359
21172051,0.6484071428571427
21172515,0.6408457142857144
21190603,-0.7062
21193416,0.21407999999999996
21194355,0.5172818181818182
21194823,-0.08788125000000001
21195180,0.7354818181818182
21200260,0.8846125
21206514,0.9741666666666666
21234121,0.9774
21236579,0.9027888888888889
21238118,0.77645
21238579,0.8337714285714286
21244971,0.8260555555555557
21255885,0.659
21257593,0.6670181818181818
21257843,0.6376815789473684
21257966,0.7804366197183098
21266350,0.6359981132075471
21266790,0.6725
21269564,0.8777200000000001
21283595,0.7129375
21287064,0.44814800000000005
21290771,0.7492407407407408
21292155,0.6795
21312604,0.8162874999999999
21314479,0.8499400000000001
21314866,0.8997687499999999
21358634,0.7295810344827587
21361120,0.834437037037037
21361474,0.4987466666666666
21370642,0.9008400000000002
21376468,0.8149424242424241
21402272,0.8442
21403392,0.758205617977528
21408571,0.6481041666666665
21415749,0.722103355704698
21416331,0.7959911764705883
21416445,0.640588888888889
21419965,0.8126
21420790,0.9051250000000001
21422096,0.6369
21428446,0.6870159999999998
21430677,0.8466
21451399,0.7387272727272728
21451655,0.9757
21451706,0.730425
21457284,0.7755666666666665
21462118,0.866275
21462227,0.7713
21467590,0.6563999999999999
21477315,0.7957461538461538
21480910,0.7574
21498775,0.7298699999999999
21502138,0.7575181818181818
21530106,0.8682666666666666
21530304,0.7757333333333333
21541294,0.6611750000000001
21541391,0.86912
21541471,0.7585000000000001
21541512,0.7868250000000001
21546999,0.8264085714285713
21596804,0.8807
21605333,0.6968749999999998
21621522,0.9226142857142857
21629960,0.763312
21631361,0.8183545454545453
21650745,0.5413
21667844,0.8200300000000003
21670282,0.867129411764706
21671407,0.6760333333333334
21675447,0.8435
21686094,0.9332333333333334
21722898,0.9484
21747530,0.6785599999999999
21755679,0.7490499999999999
21756287,0.802
21758205,0.437525
21763890,0.8495833333333334
21764614,0.82476
21791154,0.6249
21793363,0.4404
21803237,0.9482
21804196,0.8677699999999999
21804950,0.745909090909091
21805592,0.8086610169491524
21806395,0.6559699999999999
21807803,0.70315
21818868,0.7901260869565219
21820005,0.6729405405405405
21820188,0.6907152173913045
21830116,0.79074
21831599,0.8622000000000001
21843221,0.8664461538461539
21847888,0.7161833333333333
21852866,0.35895
21852940,0.72801875
21854674,0.8006809523809524
21854678,0.8385685714285712
21854679,0.824593103448276
21854680,0.8077470588235294
21854681,0.8690611111111112
21854683,0.7411700000000001
21854687,0.8319357142857143
21854695,0.7521222222222222
21854697,0.8205941176470589
21855459,0.783690740740741
21865119,0.3818
21873499,0.8867333333333333
21881998,0.7089
21887155,0.8098078431372551
21888054,0.7762481481481482
21906973,0.5888
21915252,0.8475657894736841
21916176,0.9617
21916263,0.46045
21927257,0.4404
21928089,0.8339500000000001
21928140,0.27646666666666664
21928496,0.8088571428571427
21929075,0.8158371428571428
21937326,0.7594000000000002
21942515,0.7283552631578947
21951407,0.8314684210526314
21952871,0.9176
21967022,0.7859
21970094,0.7183406250000002
21970302,0.4215
21974182,0.566540425531915
22000933,0.7156538461538463
22019165,0.9716
22021293,0.6877202898550727
22027275,0.6934363636363637
22028335,0.94825
22035836,0.8727
22037196,0.9556
22051870,0.7137949152542373
22051992,0.2716
22053594,0.94366
22054285,0.7685277777777778
22071808,0.8578120689655171
22090557,0.9359999999999999
22090931,0.7346
22092656,0.6972
22098450,0.7065977011494253
22110157,0.778550793650794
22114845,0.6939425531914893
22116641,0.7034333333333334
22143968,0.6659725490196078
22144715,0.7740541666666667
22158920,0.5950666666666665
22177543,-0.7761
22183984,0.9201
22185082,0.7724671641791043
22193170,0.8677166666666668
22214451,0.9493
22230934,0.4215
22233862,0.858082857142857
22267147,0.4404
22281789,0.9443
22282038,0.774623076923077
22287564,0.7144272727272728
22297449,0.6981999999999999
22300531,0.705795
22300651,0.6683826086956521
22316106,0.8789
22319714,0.753330487804878
22345943,0.8354
22348216,0.5746514285714286
22351804,0.8121499999999999
22376153,0.9112
22389665,0.8016875
22395492,0.7332
22426403,0.9392333333333335
22441995,0.6890666666666666
22454647,0.7970107692307691
22457479,0.7629124999999998
22459458,0.34685
22475151,0.7415142857142857
22475917,0.7178
22491127,0.7134999999999999
22544362,0.7656714285714286
22555089,0.7640928571428571
22561172,0.8607666666666667
22561920,0.4215
22574367,0.7386222222222223
22575924,0.739474193548387
22576423,0.6935891304347827
22577896,0.4118
22586423,0.6838055555555558
22588808,0.7367928571428572
22590845,0.7269
22594189,0.7654749999999999
22599437,0.7947333333333333
22601385,0.9114909090909088
22623221,0.8761117647058825
22627321,0.61775
22643907,0.9115125000000002
22648048,0.6249
22666446,0.7253025
22683205,0.706507142857143
22708831,0.7988500000000001
22710546,0.8509499999999999
22719122,0.64695
22726244,0.9359999999999999
22733254,0.5729
22733377,0.8588
22734583,0.8024642857142857
22745179,0.8358794117647058
22763952,0.8540000000000001
22798533,0.8466666666666667
22818979,0.3635
22874441,0.7393666666666666
22874940,-0.8309
22917107,-0.03320000000000001
22929591,0.6249
22934534,0.6132894736842104
22947456,0.698225
22973504,0.7383882352941177
22979766,0.824016
22987507,0.7447969696969696
22987750,0.63385
22987797,0.7003
22990457,0.8283666666666667
23008567,0.9031
23008962,0.9186
23015765,0.59685
23027564,0.9620000000000001
23048720,0.4404
23051489,0.9268
23052272,0.8156102941176471
23054523,0.8455999999999999
23072323,0.783902272727273
23079814,0.89345
23079842,0.65785
23079943,0.7906
23079980,0.8323999999999999
23080003,0.8228500000000001
23080043,0.9529
23080921,0.8722
23091296,0.9487333333333333
23094299,0.7887600000000001
23097015,0.6833666666666667
23111888,0.9347666666666666
23127305,0.9217
23130011,0.9065823529411763
23132022,0.5757555555555556
23169041,0.7682966666666666
23211763,0.7845
23223194,0.8867
23256379,0.87085
23264498,0.88235
23264528,0.4740333333333333
23277237,0.6365281249999999
23277415,0.8459714285714284
23279111,0.7296750000000001
23279931,0.48825
23315012,0.7640777777777777
23329869,0.42045
23348717,0.6960568627450977
23348921,0.8316
23362544,0.8882749999999999
23370324,0.9652
23380147,0.6587857142857142
23380199,-0.15649999999999997
23382264,0.9550000000000001
23399180,0.667275
23403996,0.8640666666666666
23438702,0.7751416666666667
23446208,0.7656098591549296
23457264,0.8378714285714287
23486091,0.9397000000000001
23506068,0.7944499999999999
23507483,0.7129199999999999
23509344,0.6930799999999999
23510955,0.735211111111111
23549024,0.7418307692307692
23567197,0.898675
23567609,0.42510000000000003
23567956,0.9633
23598682,0.77731875
23600799,0.6296142857142856
23603274,0.7900824999999998
23615333,0.9493
23653768,0.6129857142857144
23658321,-0.955
23658989,-0.5584
23672746,0.86154
23673101,0.8459285714285715
23678562,0.6636538461538461
23717333,0.8192119047619048
23723634,0.769107692307692
23733935,0.98815
23738722,0.9928
23751725,0.8036290322580646
23752565,0.7455148148148147
23753563,0.9287
23760158,0.7358
23782119,0.75315
23815487,0.7876860465116279
23870306,0.938
23925850,0.7784166666666668
23927987,0.8107000000000001
23930541,0.4404
23930729,0.4217125000000001
23930805,0.27481999999999995
23931149,0.25185
23934649,0.6819681818181816
23947783,0.7803083333333333
23950179,0.5946199999999999
23951283,0.76135
23951500,0.179375
23951548,0.5546
23951948,0.2724
23952242,0.5382333333333333
23952436,0.7501000000000001
23952759,0.6154999999999999
23952884,0.89295
23957921,0.7325846153846153
23999593,0.8029666666666665
23999596,0.5969
24000355,0.8006666666666667
24000763,0.5691666666666667
24000873,0.646
24000911,0.5033
24000938,0.5646714285714285
24000970,0.4404
24001023,0.9761
24001526,0.8807666666666667
24003066,0.8271
24030192,0.7256400000000001
24045987,0.9226
24056026,0.728625
24057381,0.8138312499999999
24070730,0.84705
24105407,0.9217
24105506,0.6837282608695652
24125960,0.6978105263157894
24170288,0.25806666666666667
24171768,0.4754
24186942,0.8407000000000003
24197770,0.7055794871794873
24200231,0.8187636363636362
24200482,0.7443454545454545
24200675,0.821188888888889
24200900,0.758559523809524
24211014,0.9163571428571429
24211284,0.9874
24212593,0.8961
24235580,0.6377434782608694
24235976,0.4386
24236950,0.65672
24238015,0.7783142857142857
24254508,0.9906
24261748,0.8352306451612904
24274708,0.7056
24276647,0.7582119047619049
24280470,0.9041
24288828,0.8093939024390244
24294968,0.7637266666666667
24303300,0.9148142857142858
24312879,0.8023
24323605,0.8923
24347116,0.7556411764705883
24357656,0.7460619047619048
24358325,0.07
24358858,0.7793538461538462
24359063,0.7007
24359228,0.95955
24360251,0.6432428571428571
24368282,0.7471729166666665
24370607,0.794425
24403090,0.8536333333333332
24417860,0.7898400000000001
24420175,0.93485
24477657,0.5275142857142858
24506236,0.6280555555555556
24506481,0.66551
24506647,0.550453846153846
24506830,0.43435
24506976,0.4028909090909092
24511491,0.42901666666666666
24511964,0.6269964285714286
24526943,0.6436812500000002
24527257,0.6812166666666667
24571017,0.7074436363636363
24581115,0.7802166666666667
24582403,0.6817000000000001
24586538,0.6615603773584904
24591317,0.8467250000000001
24592588,0.8676
24609199,0.6013999999999999
24636266,0.9286
24636530,0.9765
24636842,0.6871730769230768
24643830,0.8719
24644690,0.8955763157894737
24659042,0.7550411111111113
24660198,0.6369428571428574
24664051,0.7957246753246751
24682818,0.8066878787878788
24696324,0.4404
24704585,0.7486870967741938
24705997,0.8874
24706274,0.9136
24706479,0.9477
24706634,0.3868
24707713,0.7507416666666669
24720145,0.7173049999999999
24720902,0.9045999999999998
24738846,0.6852836734693876
24739273,0.9057000000000001
24741587,0.6989
24761439,0.4399538461538462
24763374,0.66205
24763494,0.4404
24763572,0.39475
24763675,0.48080000000000006
24763826,0.6335961538461539
24764493,0.7134400000000001
24765067,0.5859
24781937,0.7323866666666667
24782626,0.92012
24785006,0.3612
24785585,0.7926499999999999
24786308,0.8492727272727273
24810174,0.6023666666666667
24821628,0.9485
24834560,0.83783
24851345,0.927575
24857166,0.48608181818181834
24863189,0.5550103448275862
24874562,0.70958
24883137,0.6878807692307691
24883645,0.9510666666666667
24894201,0.9179
24927780,0.7027391304347824
24929061,0.9260166666666666
24949420,0.6486
24950322,0.7938333333333333
24958774,0.7849911392405061
24962718,0.9081
24972169,0.8957
24975249,0.6927555555555557
24979153,0.7972140625000003
24984672,0.7588499999999999
25008022,0.82602
25020267,0.84125
25044951,0.7556894736842104
25047044,0.6653
25058544,0.7518285714285714
25058953,0.719125
25059372,0.8701
25083771,0.7739333333333334
25087117,0.5648
25102785,0.8539
25105657,0.9104
25130085,0.7231457142857143
25155990,0.7225125
25158461,0.6808
25183623,0.9459
25184205,0.9682
25200482,0.8303999999999999
25223320,0.8658
25246986,0.5601823529411765
25273104,0.80944
25282863,0.780532075471698
25300648,0.29624999999999996
25306121,0.9136200000000001
25306790,0.85675
25307313,0.9331
25307669,0.94505
25308084,0.88375
25356260,0.1124
25366424,0.7137450980392159
25376102,0.455
25424295,0.4609666666666667
25435388,0.894829411764706
25489396,0.8171800000000001
25493161,0.9568
25505227,0.3841333333333334
25516668,0.6578799999999999
25561906,0.7276266666666669
25596265,0.747325
25711980,0.39399999999999996
25716192,0.4754
25748458,0.80765
25753432,0.8425
25759073,0.7575411764705883
25760233,0.6808
25787949,0.9915
25793757,0.8068565789473681
25796874,0.77443
25797887,0.8876
25815030,0.62568
25816343,0.38742
25816812,0.6336695652173914
25818992,0.9282
25821961,0.55844
25843604,0.64445
25872180,0.8238320754716979
25877353,0.9319500000000001
25878538,0.8287230769230767
25886181,0.6437666666666667
25888807,0.7806333333333335
25892078,0.7569488372093023
25909373,0.4404
25920277,0.8585
25920563,0.7585375
25920731,0.8885
25926356,0.8519
25959162,0.7245999999999999
25963531,0.6598499999999999
25972498,0.7360423076923074
25980558,0.8755916666666667
25981021,0.69618
25985784,0.7866500000000001
25985995,0.7928
25986707,0.62465
25998215,0.7869271186440676
26010615,0.7003
26010706,0.88095
26011461,-0.1346
26040285,0.9670000000000001
26056791,0.7567830508474573
26093769,0.3079
26094193,0.3182
26109666,0.70475
26109753,0.4404
26109755,0.41325
26110112,0.6828454545454545
26110216,0.56584
26120936,0.8066166666666666
26121640,0.8409
26143674,0.5486
26144223,0.7046
26176258,0.6046199999999999
26183286,0.4404
26207649,0.7845749999999999
26207768,0.6349499999999999
26217724,0.8066846153846154
26218347,0.7580088235294117
26236461,0.49175
26290123,0.7579
26308358,0.9099
26309079,0.8244206896551725
26310349,0.7856
26318683,0.9123625
26336203,0.9747
26344207,0.7422818181818183
26369349,0.7966236842105264
26370803,0.8334
26405063,0.7552
26409674,0.7574
26435121,0.71875
26435923,0.864321052631579
26504288,0.6620555555555554
26544804,0.80168
26545378,0.7906
26552882,0.9652
26553209,0.547976923076923
26555143,0.8729428571428574
26577038,0.6532071428571429
26583889,0.9743999999999999
26627387,0.9231
26633522,0.6649777777777778
26683920,0.835361904761905
26706482,0.6211625000000001
26722597,0.8763900000000001
26722862,0.5165500000000001
26731319,0.6852757575757576
26731389,0.773465
26731899,0.79505
26753305,0.726
26768425,0.5431166666666666
26790724,0.63466
26791029,0.84295
26794016,0.82205
26849028,0.8149
26849868,0.8720722222222221
26852016,0.8374347826086956
26853356,0.8777
26854105,0.6682714285714285
26880160,0.4404
26880725,0.7096
26893958,0.9698
26894055,-0.5142
26915644,0.5328
26930345,0.95065
26933485,0.5504687500000001
26935086,0.8818400000000001
26957177,0.8470874999999999
26957485,0.7896939393939393
26959283,0.7328714285714285
26964529,0.8089148148148148
26974882,0.5748500000000001
26979340,0.4848
26980329,0.10809999999999997
26984743,0.8442
27034075,0.8315
27072907,0.9222333333333333
27078318,0.7413291666666669
27091696,0.91665
27115191,0.72085
27117950,0.7948833333333334
27118511,0.7834666666666666
27122688,0.7579
27125463,0.7717
27145235,0.7553705882352942
27147776,0.462
27173843,0.9825
27178946,0.750475
27253602,0.7478249999999999
27270305,0.7321500000000001
27271318,0.9218
27271822,0.36764
27272375,0.6929782608695652
27292722,0.7776428571428571
27302197,0.6557
27302911,0.755775
27342137,0.647675
27377001,0.663425
27381955,0.87285
27382312,-0.01865
27405538,0.7416624999999999
27406451,0.7116862068965518
27409849,0.4404
27428758,0.7704099999999999
27429267,0.9708
27439646,0.9099
27440211,0.8630157894736843
27442497,0.17384999999999998
27454482,0.60575
27462710,0.7764373333333333
27470104,0.9898
27470374,0.8047
27470571,0.6466700000000001
27470725,0.41657500000000003
27476632,0.76515
27488841,0.04766666666666667
27489654,0.16432
27501982,0.7325666666666667
27513236,0.8900750000000001
27513348,0.6524041666666666
27513625,0.7316
27530446,0.8181
27559244,0.7910937499999999
27561087,0.8782705882352941
27561736,0.7738
27562324,0.8187214285714287
27603657,0.4215
27615107,0.6223
27616642,0.4754
27618712,0.9095533333333333
27624199,0.8570666666666668
27638361,0.8553666666666667
27640661,0.9431
27675580,0.7485111111111111
27709128,0.7765777777777777
27718541,0.957575
27737495,0.76285
27738463,0.6267333333333333
27741066,0.60605
27741231,0.9015
27754006,0.7801500000000001
27764842,0.6249
27778266,0.7394999999999999
27778867,0.5800333333333333
27788114,0.8207833333333333
27790452,0.717025
27790457,0.7778
27790831,0.829
27791327,0.7717
27791754,0.5752999999999999
27791766,0.8807
27793192,0.8484
27794106,0.6773789473684211
27794323,0.7334
27794536,0.7115000000000001
27794712,0.7155375
27794882,0.85076
27794894,0.50653
27794933,0.27549999999999997
27795026,0.49324999999999997
27810679,0.8393625000000001
27823327,0.48138000000000003
27830769,0.8474
27838989,0.7735
27841023,0.9372000000000001
27858471,0.9529
27880382,0.8431
27882577,0.6249
27914193,0.9642
27914769,0.7868999999999999
27923001,0.02815000000000001
27967589,0.8165333333333334
27979941,0.5775
27992861,0.829426923076923
27993739,0.43095
28015320,0.6466000000000001
28015955,0.6778666666666667
28033518,0.0595
28046655,0.9838
28059550,0.5836
28063799,0.7458854166666667
28089131,0.8957
28110981,0.8957
28115820,0.4404
28116308,0.3601
28137638,0.68985
28143501,0.7154714285714286
28165463,0.6207100000000001
28190671,0.8808499999999999
28194748,0.13659999999999997
28230186,0.2967
28261567,0.72445
28262827,0.8152166666666666
28264364,0.7694777777777777
28271497,0.704
28271558,0.5917275362318839
28271801,0.7587
28291541,0.765
28320933,0.5888666666666666
28321986,0.6798724137931036
28346676,0.3113333333333333
28348653,0.31243999999999994
28359844,0.7833265306122448
28396419,0.7867999999999999
28400701,0.8731499999999998
28415998,0.88995
28417785,0.8479833333333332
28417802,0.7936346153846157
28417997,0.8268999999999999
28422606,0.837288888888889
28445930,0.8393142857142859
28460475,0.7199428571428571
28513594,0.81638
28532737,0.8365
28547839,0.86955
28554971,0.68652
28571914,0.765
28651983,0.80925
28657927,0.9623
28670854,0.7836692307692308
28675203,0.6807833333333334
28700151,0.4927
28700772,0.74185
28724933,-0.382
28728987,0.7906
28729429,0.9272
28729521,0.84785
28731913,0.8991
28747912,0.6788080000000001
28748709,0.8339352941176472
28767536,0.5592076923076923
28772425,0.94475
28786700,0.9055666666666667
28788262,0.29600000000000004
28789161,0.7827333333333334
28794509,0.5914200000000001
28821061,0.7808564102564102
28874135,0.6816857142857142
28881876,0.7573000000000001
28919825,0.9121166666666668
28944421,0.6166375
28944791,0.7724333333333334
28950843,0.7930400000000001
28958329,0.5884439024390243
28970364,0.71404
28975564,0.5566446808510637
28983113,0.6859416666666666
28983781,0.6187222222222223
28989951,0.7579666666666668
28998095,0.802
28998161,0.8073444444444443
28998191,0.6249
28999077,0.7941733333333335
29004038,0.7999919999999999
29020376,0.8117416666666667
29040534,0.6249
29044004,0.66734
29044242,0.6745
29049341,0.95015
29049813,0.9491
29068591,0.855
29076794,0.83665
29093864,0.8395852941176472
29108770,0.4404
29111619,0.7452
29111770,0.8011909090909092
29113636,0.7059727272727273
29141674,0.84565
29141808,-0.4767
29141814,0.88185
29142155,0.4404
29142245,0.7269
29142251,0.6122
29161818,0.9153
29165650,0.6940176470588236
29166022,0.6719111111111111
29209668,0.8091799999999999
29211600,0.44581428571428566
29249890,0.8683923076923077
29252819,0.71356
29253018,0.6514166666666666
29256550,0.434164705882353
29259721,0.41204999999999997
29295230,0.868125
29302695,0.8075047619047621
29319213,0.22600000000000003
29319567,0.6249
29319686,0.5994
29320287,0.53915
29320487,0.1761
29321856,0.88532
29323656,0.5345368421052631
29324339,-0.1511
29325647,0.3612
29343018,0.5076
29388931,0.4623799999999999
29400644,0.7003
29412602,0.962825
29439672,0.7855263157894736
29454180,0.7249066666666665
29470599,-0.10160000000000002
29470621,0.90255
29472000,0.372475
29472133,0.9962
29472215,0.6249
29472242,0.9678
29472416,0.34750000000000003
29482778,0.12902499999999997
29494532,0.79775
29495154,0.80655
29498177,-0.6124
29498271,0.9254
29500883,-0.4939
29500892,0.6402444444444444
29521466,0.8579
29522642,0.7164666666666667
29524962,0.73025
29525240,0.7351
29525299,0.8080000000000002
29525951,0.8597250000000001
29526074,0.7841
29529235,0.9139166666666666
29530126,0.715125
29548114,0.9638
29549073,0.7454666666666667
29552115,0.8826909090909091
29552643,0.83514
29557173,0.5557200000000001
29572721,0.8695000000000003
29579499,0.8675416666666665
29580481,0.664375
29581373,0.8031428571428574
29613493,0.7494666666666667
29614706,0.8480421052631579
29653772,0.619475
29654245,0.6892999999999999
29654617,0.5236200000000001
29660849,0.6249
29662678,0.7534583333333336
29663028,0.5959
29665981,0.8519
29705550,0.8999
29719225,0.8417
29731372,0.34240000000000004
29731509,0.8327
29741953,0.7144222222222223
29742465,0.8696999999999999
29743848,0.7572125000000001
29745033,0.8859999999999999
29745923,0.5859
29746139,0.9231
29763827,0.88031
29768671,0.4404
29785264,0.6244888888888889
29829950,0.7990368421052634
29830408,0.8340000000000001
29836188,0.9058285714285714
29848385,0.9325
29858416,0.49677499999999997
29860691,0.4754
29886378,0.7964
29888806,0.638775
29909380,0.89915
29911456,0.6249
29917321,0.5258
29947936,0.6486
29962235,0.7986148148148148
29967395,0.9403
29969867,0.7176666666666667
29970192,0.9524
29972407,0.7918800000000001
29973157,0.4215
29992070,0.5994
29996505,0.3818
29999288,0.4404
30000219,0.8552157894736844
30003840,0.98055
30007877,0.9398
30024441,0.8322695652173913
30026353,0.836
30046125,0.8589
30046453,0.9627
30050107,0.92465
30050561,0.9709
30052851,0.7959999999999999
30053374,0.8407
30058572,0.9246
30070881,0.836
30071518,0.8805
30074086,0.6249
30076308,0.8932000000000001
30083183,0.7316340425531916
30096510,0.91455
30111915,0.75043
30133260,0.9313
30162375,0.7089
30163589,0.3277
30163598,0.5386500000000001
30163603,0.7717
30163620,-0.7355
30163724,-0.9319
30185715,0.8407
30188440,0.6124499999999999
30188702,0.5136499999999999
30189205,0.9109
30190695,0.5145444444444444
30197961,0.7194
30204154,0.60944
30214585,0.4927
30214989,0.7422333333333334
30215405,0.7425666666666667
30215454,0.3384
30219680,0.8122592592592591
30229992,0.7911750000000001
30234271,0.9198
30237246,0.2415
30237502,0.9652
30243920,0.84745
30258463,0.71717
30261649,0.79694
30276695,0.71145
30296129,0.7975666666666665
30296233,0.5267
30296237,0.77985
30296248,-0.7506
30299123,0.8636142857142856
30337969,0.7407411764705882
30352660,0.8835999999999999
30353822,0.9233
30363503,0.9332
30369336,0.8609181818181817
30378141,0.76645
30378730,0.6486
30385249,0.630825
30385453,0.459
30386671,0.9234
30388746,0.96575
30389028,0.839687878787879
30409896,0.9640000000000001
30413459,0.9201
30436340,0.6124
30453430,0.9348
30485907,0.2732
30486251,0.7743666666666668
30489284,0.8399
30494592,0.4019
30498422,0.8368024390243901
30510645,0.9785
30510962,0.81555
30520209,0.9333
30524645,0.771125
30532652,0.79972
30543386,0.9912
30549602,0.6249
30561871,0.7966062500000001
30570119,0.9657
30571312,0.6993266666666667
30571630,0.9467
30573947,0.7817666666666666
30578016,0.8334787878787879
30578487,0.7933000000000001
30578632,0.7845
30578891,0.8616192307692305
30594823,0.6815333333333333
30687199,0.8588976744186045
30748968,0.6801
30776327,0.7842555555555555
30776617,0.4404
30778537,0.6597
30783602,0.9359
30786501,0.8442
30805348,0.8363666666666667
30807139,0.5164285714285715
30815841,0.5845045454545456
30829097,0.7754
30829908,0.9044000000000001
30833385,0.6128333333333332
30857870,0.6778352941176472
30875944,0.9509
30878734,0.2263
30879249,0.9500500000000001
30881232,0.7156999999999999
30893892,0.64485
30894928,0.4894
30896151,0.45788125
30898777,0.6611615384615385
30898781,0.730111111111111
30898788,0.60733125
30900595,0.7211133333333333
30917154,0.6547499999999999
30922260,0.6822
30925164,0.743
30940363,0.4548666666666667
30950866,0.7678200000000001
30950869,0.61249
30962594,0.87825
30966211,0.6369
30969285,0.7290642857142857
31003554,0.5989846153846153
31029255,0.5330199999999999
31029384,0.7888105263157894
31076781,0.7869999999999999
31094939,0.6486
31095224,0.7340571428571429
31104513,0.7906
31105493,0.7924444444444444
31105962,0.6801
31106470,0.6249
31107161,0.4754
31107359,-0.3222
31107733,0.8016
31107858,0.8122
31114726,0.8085374999999997
31129905,0.9796
31129953,0.9657
31152416,0.97315
31154596,0.8208357142857142
31156276,0.9527
31162237,0.7347666666666667
31178204,0.23863333333333336
31201062,0.9383222222222223
31201327,0.701690909090909
31204526,0.8779
31204753,0.781646153846154
31214273,0.6942
31218304,0.8198000000000001
31219674,0.7504624999999999
31244479,0.9666
31265984,0.7599
31271677,0.7309750000000002
31294602,0.9565
31295956,0.7963
31296663,0.9447666666666666
31297072,0.6249
31297591,0.9024000000000001
31297928,0.83875
31298028,0.80315
31305214,0.5182571428571429
31326007,0.8434074999999999
31344812,0.9340249999999999
31357872,0.5413
31361482,0.90175
31361651,0.9618
31361710,0.22094999999999998
31363209,0.56425
31364497,0.5411
31366100,0.6113
31366222,0.32234999999999997
31366313,0.3809
31376777,0.9511538461538461
31423642,0.8176
31450954,0.7337
31451234,0.7364999999999999
31451471,0.83415
31457968,0.8199166666666667
31462394,0.7775176470588236
31474481,0.8863000000000001
31479102,0.7279666666666667
31520512,0.8530599999999999
31527262,0.8845025
31532527,0.8225
31532719,0.8042913043478259
31573008,0.8148611111111111
31580959,0.7906
31599406,0.8094666666666667
31627432,0.8918227272727272
31627673,0.6902
31634142,0.8082
31656915,0.8270470588235294
31657383,-0.9875
31664598,0.9442600000000001
31699339,0.7756333333333333
31722863,0.66227
31724061,0.7500666666666667
31725137,0.866875
31726026,0.8897
31729758,0.8635999999999999
31775980,0.7756071428571428
31807785,0.6697
31812483,0.9047538461538461
31843188,0.823
31851838,0.813044117647059
31854536,0.7496444444444443
31886652,0.8182888888888888
31931211,0.5236333333333333
31936204,0.8990666666666667
31947200,0.9344
31948394,0.6457285714285714
31959810,0.91925
31960343,0.7598875
31960810,0.8297599999999999
31964337,0.3901666666666667
31965730,0.6266428571428572
32003564,0.9542
32010385,0.96495
32024930,0.7530058823529412
32027361,0.6597
32031648,0.8672666666666666
32035176,0.4890421052631579
32035969,0.5711428571428572
32053800,0.7998818181818182
32054563,0.75628
32113276,0.8957
32113481,0.8583583333333333
32114237,0.9551
32114293,0.7383916666666667
32148763,0.8015296296296298
32194580,0.8622
32198422,0.598625
32198860,0.9468
32205289,0.78611
32223363,0.9013
32223767,0.8442
32227139,0.6589166666666667
32245578,0.53245
32273714,0.8437142857142856
32291857,0.9041
32292005,0.82345
32292204,0.95955
32292453,0.6908
32303894,0.4404
32317003,0.7567833333333334
32317824,0.8666666666666667
32318920,0.71175625
32320788,0.9488000000000001
32320894,0.8807
32320934,0.8177777777777782
32345618,0.8972666666666665
32351804,0.9542
32352184,0.743
32370549,0.699125
32385687,0.8581777777777778
32388171,0.5183
32388223,0.7300999999999999
32388354,0.8851333333333334
32388996,0.7845
32411075,0.694377173913043
32419727,0.9693
32425547,0.7320702702702704
32430905,0.6958363636363637
32447596,0.12195
32452018,0.9764
32455081,0.9339666666666666
32475586,0.9316500000000001
32475992,0.6249
32481898,0.4542
32488562,0.9487
32502175,0.7003
32502568,0.9875
32504842,0.9846
32520833,0.9503875
32526213,0.8355666666666666
32527449,0.9042
32528723,0.6728000000000001
32528971,0.765
32529061,0.75068
32533152,0.8625
32534020,0.9529
32596255,0.44366666666666665
32605119,0.7651066666666667
32621960,0.6566
32641495,0.8596843749999998
32643321,0.81135
32670774,0.8618
32670871,0.9781
32671190,0.8794333333333334
32671272,0.65725
32671381,0.8034
32671474,0.8834
32671732,0.93
32701932,0.7906
32706307,0.6224000000000001
32708998,0.7436900000000001
32729464,0.9737
32729524,0.8777
32729720,0.8456
32730296,0.9823
32730349,0.7804142857142857
32731100,0.8591333333333333
32732351,0.9644
32748781,0.96
32815398,0.8059000000000001
32820979,0.9254
32821141,0.9017
32821167,0.8872
32821771,0.9414499999999999
32824620,0.7688200000000001
32832467,0.2716
32837771,0.6536428571428573
32837794,0.57956
32846195,0.9371
32855533,0.9371666666666667
32877386,0.2023
32904861,0.8977166666666666
32906878,0.8773333333333334
32908869,0.5543
32922255,0.60605
32922602,0.9758
32946375,0.6840666666666667
32947749,0.84772
32949544,0.8221
32965614,0.9823
32973740,0.8244333333333334
32995040,0.8738
32998726,0.22219999999999998
33025531,0.8050894736842107
33026305,0.7014
33050985,0.8618600000000001
33055288,0.8994249999999999
33057988,0.9276
33060127,0.7841
33083022,0.1397
33085362,0.8126
33091874,0.6346647058823529
33098686,0.6249
33108041,0.7687060606060606
33110734,0.7356636363636363
33111029,0.8189000000000001
33111200,0.8742687499999999
33111278,0.7667
33111387,0.7857333333333334
33111749,0.7316541666666666
33111805,0.745662068965517
33111884,0.7476258064516127
33112080,0.7739740740740743
33112577,0.8459310344827585
33112617,0.7112071428571428
33112624,0.7656437500000001
33112676,0.7942533333333334
33168542,0.1768
33199451,0.9839
33232136,0.72980625
33244499,0.805
33263231,0.6249
33320480,0.9948
33333443,0.8999
33333684,0.9664666666666667
33347361,0.91
33376230,0.8074
33388955,0.6675333333333332
33405725,0.56705
33410537,0.7429400000000002
33413564,0.56485
33436577,0.8862866666666667
33437497,0.9312
33460906,0.867125
33467580,0.8342
33467817,0.4767
33490643,0.8679571428571429
33499494,0.50615
33499890,-0.3164
33500054,0.89755
33500211,0.7873
33500731,0.7449428571428571
33502141,0.7466750000000001
33502235,0.9552
33502434,0.743
33506058,0.6717857142857143
33536365,0.7976913043478262
33562298,0.4404
33562738,0.8399
33563059,0.6935399999999999
33573540,0.7577
33593654,0.8316
33604275,0.7094799999999999
33604276,0.6548333333333333
33604552,0.7621999999999999
33604718,0.7525943396226416
33634552,0.6703761904761903
33666190,0.8186333333333332
33669171,0.8081399999999999
33678741,0.5818266666666667
33692920,0.8396
33693358,0.7906
33705160,0.8370064516129033
33722089,0.4939
33723520,0.9169
33740994,0.6565
33748928,0.7469
33749647,0.6203
33753429,0.366325
33760411,0.9175
33760524,0.8977
33772739,0.6463461538461538
33782992,0.820185
33784930,0.4404
33792104,0.7351
33795262,0.7080694444444444
33820467,0.8437666666666667
33828050,-0.061333333333333316
33828355,-0.050949999999999995
33828484,0.8953
33828565,0.7298428571428571
33828621,0.2997
33828837,0.63549375
33873173,0.42699999999999994
33883581,0.8399
33885719,0.7906
33885738,0.8591
33888989,0.5365
33895462,0.862
33915486,0.85764
33919675,0.5679125
33920342,0.9569
33926472,0.7462208333333334
33943953,0.77965
33944471,0.6369
33946218,0.4404
33948359,-0.5824
33950965,0.9595
33952215,0.8436
33953077,0.9359999999999999
33972677,0.31076666666666664
33977228,0.7845
33982287,0.69015
33982757,0.79919375
33987008,0.49071999999999993
33999107,0.5354333333333333
34004897,0.2732
34050464,0.52844
34052197,0.9463
34053192,0.7204600000000001
34054246,0.4404
34067159,0.4352
34071208,0.7643500000000001
34071596,0.592775
34071837,0.6964625000000001
34072244,0.59567
34073545,0.8922
34076777,0.9616
34082010,0.9620000000000001
34100543,0.4404
34111493,0.4145923076923077
34112170,0.58192
34123744,0.7499250000000001
34135630,0.976
34138136,0.8419333333333334
34140701,0.66125
34157338,0.6976
34162194,0.54572
34183884,0.36585
34186257,0.7354142857142857
34193631,-0.06745
34214140,0.883146153846154
34229265,0.7574
34233459,0.7036200000000001
34235543,0.6785290322580646
34236667,0.8068
34236901,0.59794
34237086,0.7495499999999999
34237184,0.945
34237286,0.847675
34244096,0.820585185185185
34244333,0.7537000000000001
34244551,0.8019179999999997
34245534,0.7712333333333333
34246279,0.7726064516129035
34288021,0.6878611111111111
34288179,0.8175550000000001
34288604,0.7244629629629629
34300822,0.9312
34318004,0.6494363636363636
34346401,0.4404
34352644,0.4754
34354375,0.7005499999999999
34354471,0.6730476190476192
34363132,0.8579749999999999
34373552,0.6249
34378956,0.83598
34385906,-0.7528
34431243,0.77992
34449189,0.3276
34450021,-0.5676
34451448,0.8201
34454047,0.6980333333333334
34456171,0.64975
34458052,0.8974
34459924,0.5401
34469560,0.8122111111111112
34486656,0.6314444444444445
34489654,0.7951266666666668
34489994,0.8689
34513834,0.27160000000000006
34517790,-0.18324999999999997
34521183,0.8228
34526007,0.8298571428571428
34552570,0.7178
34552868,-0.25
34569884,0.8345333333333333
34579286,0.795340909090909
34582881,0.9764
34596041,0.7822214285714285
34604248,0.7353000000000001
34605981,-0.7491
34606370,0.7906
34631987,0.6807444444444445
34632139,0.7598583333333333
34639335,0.6317250000000001
34654117,0.6997
34661766,0.4324666666666666
34662047,0.9698
34662179,0.4496
34662646,0.7783
34674515,0.58605
34691844,0.5523888888888889
34692602,0.7655142857142857
34701568,0.6165333333333334
34727793,0.7714142857142858
34728149,0.7300071428571427
34730521,0.8718
34732068,0.7264
34733071,0.68125
34754934,0.7316
34758214,0.17980000000000004
34761485,0.7823428571428572
34765590,0.6690333333333333
34804905,0.4019
34818375,0.5565666666666668
34819352,0.7746
34834829,0.9164249999999998
34870326,0.66255
34870345,0.8398071428571429
34874957,0.7517499999999999
34917885,0.9085333333333333
34918070,0.8807
34918180,0.8927
34919150,0.6779714285714284
34920291,0.9578
34921405,0.8247
34949534,0.8859999999999999
34954144,0.6956
34964444,0.4754
34981099,0.8519
35008965,0.8345142857142857
35021657,0.7278687500000001
35023470,0.2023
35024283,0.3593333333333333
35024703,0.431
35026116,0.4404
35041403,0.8576250000000001
35042357,0.6249
35048026,0.9295
35049439,0.7897521739130433
35057674,0.7959999999999999
35071210,0.6910142857142857
35072431,0.961
35077531,0.8009999999999999
35077950,0.8662
35081515,0.7276142857142859
35082329,0.4633999999999999
35096557,0.29600000000000004
35102472,0.6685
35114618,0.7803076923076923
35131786,0.5943
35144181,0.9349
35166841,0.7261
35167968,-0.9485
35180729,0.8083222222222223
35181133,0.5423
35219943,0.8395545454545456
35233390,0.5959687499999999
35265440,0.8577965517241379
35300977,0.40080000000000005
35302676,0.4593
35318549,0.9201
35335972,0.7783
35336070,0.4938
35359778,0.8770874999999999
35389301,0.079
35442042,0.836
35469684,0.74825
35483332,0.73295
35483354,0.9511000000000001
35521707,-0.3
35556051,0.985
35556445,0.7601333333333332
35556904,0.8586
35557404,0.7964
35634164,0.5618888888888889
35635103,0.7259999999999999
35657143,0.0736
35660734,0.79385
35668639,0.6983999999999999
35669030,0.30862
35688118,0.24755
35689172,0.4392333333333333
35696120,0.4662
35718115,0.7755
35724882,0.7991272727272727
35744548,0.8940714285714284
35747289,0.7845
35754352,0.746884
35759765,0.7463999999999998
35766663,0.9362
35770430,0.614
35772714,0.48962000000000006
35773131,0.5834
35773302,0.7845
35780018,0.9038
35781337,0.9431
35786305,0.8076578947368421
35786308,0.7998000000000001
35786311,0.8273777777777778
35786312,0.7948124999999999
35786763,0.738018181818182
35786906,0.8108181818181817
35788850,0.8362269230769228
35788851,0.8312173913043479
35788852,0.731805
35788855,0.7849210526315789
35788857,0.7894954545454546
35788859,0.8485103448275862
35818082,0.8343
35818107,0.6982545454545456
35818699,0.7394863636363636
35818917,0.6956499999999999
35845573,0.08489999999999998
35847292,0.7925052631578948
35849296,0.9148000000000001
35849991,0.8316
35850080,0.23476666666666665
35851003,0.7155117647058824
35852688,0.8542400000000001
35883311,0.690375
35883439,0.6589
35883970,0.8748
35885309,0.75
35887106,0.6808
35887689,0.74135
35894388,0.5965
35896206,0.3671
35899603,0.7020909090909092
35900603,0.5487500000000001
35901136,0.6786
35902259,0.532222222222222
35916127,0.7683555555555556
35917599,0.8067200000000001
35917914,0.6055
35918971,0.9704
35922078,0.8696
35922722,0.69769
35933544,0.9118
35940194,0.40727500000000005
35947264,0.3612
35949995,0.7089
35954886,0.5293
35955246,0.9792666666666667
35957597,0.63425
35961334,0.8643000000000001
35975427,0.5265
35983829,0.7921222222222223
35991648,0.8428157894736842
36001391,0.6989181818181819
36009935,0.9467
36021013,0.80031
36061361,0.6719800000000001
36066625,0.5564999999999999
36099111,0.9067235294117647
36101705,0.7663266666666666
36130748,0.8472200000000001
36212391,0.8145222222222221
36214603,0.9157666666666667
36216542,0.659475
36226254,0.8909999999999999
36226718,0.8394
36238267,0.75835
36249211,0.8176
36264042,0.6505333333333333
36285087,0.7907933333333332
36315855,0.8364499999999999
36321376,0.622
36325967,0.6133
36354920,0.7713
36359535,0.46517
36368058,-0.2755
36370811,0.4404
36456243,0.82155
36516629,0.6260399999999999
36529401,0.8531
36570785,0.8614285714285714
36581961,0.7273700000000001
36586992,0.8786714285714285
36605228,0.8519
36618900,0.8210333333333333
36620611,0.6249
36627877,0.8357
36639298,0.6921
36675593,0.7435750000000001
36676505,0.6706142857142857
36680482,0.6514235294117647
36681447,0.6926599999999999
36720874,0.660425
36747812,0.9562
36760495,0.8493266666666668
36789378,0.58345
36808814,0.8354900000000001
36812561,0.9238
36813787,0.7523121212121213
36817233,0.8705
36817766,0.8049723684210524
36818265,0.8311857142857143
36819114,0.5763
36819445,0.754765
36820113,0.7880666666666666
36820477,0.9246
36820980,0.8934
36821364,0.8279285714285713
36821890,0.7202500000000001
36832175,0.8077799999999999
36852543,0.6249
36853911,0.8597
36855460,0.6154
36857064,0.14515
36888718,0.6844666666666668
36920538,0.28154999999999997
36925569,0.7400749999999999
36951699,0.58915
36970328,0.7754749999999999
36983191,0.7473285714285715
36986474,0.8438333333333333
36987244,0.7770818181818181
36993687,0.63415
36999903,0.9952
37025331,0.882
37030900,0.818025
37058988,0.7615
37059139,0.58441
37060879,0.8112
37062341,0.7195333333333332
37063111,0.8444333333333333
37066651,0.7443666666666667
37067343,0.64101
37080409,0.6249
37161894,0.8235333333333332
37188509,0.8979
37219965,0.5839
37219971,0.7622
37236900,0.6244333333333333
37269167,0.625
37269559,0.5326500000000001
37274297,0.5577666666666666
37318887,0.694525
37353696,0.8600333333333333
37356848,0.9677
37387146,0.9287
37400847,0.7579
37401766,0.9376
37407702,0.8164666666666668
37413728,0.6562
37419221,0.7277500000000001
37433817,0.8297666666666667
37435377,0.6225499999999999
37447815,0.67206
37448416,0.877575
37465752,0.6705
37472011,0.6739903225806453
37484436,0.6814192307692306
37502252,-0.8198000000000001
37507042,0.2198
37507130,0.82165
37509823,0.67165
37518083,0.79215
37519358,0.68345
37535420,0.7506
37542721,0.9907
37577304,0.6249
37604899,0.6902222222222222
37619286,0.4348
37655038,0.5621
37708623,0.7784583333333335
37757030,0.8012333333333332
37757787,0.76515
37758103,0.9637
37788787,0.9762
37790507,0.5719
37793299,-0.6697
37853876,0.8565384615384615
37887742,0.4404
37887903,0.4215
37898613,0.7256294117647059
37905248,0.4754
37907711,0.7654448979591837
37909987,0.6848960000000001
37913913,0.8311777777777777
37916346,0.9108823529411764
37924392,0.9606
37925073,0.8008000000000001
37945388,0.3182
37947662,0.8619
37951851,0.8822
37976896,0.4215
37981411,0.9623
37984003,0.79585
37986233,0.4215
37999599,0.7554181818181818
38003648,0.2263
38005247,0.8625
38017821,0.9696
38035489,0.9638
38035527,0.5445
38047765,0.6249
38049336,0.7959999999999999
38078117,0.6919333333333334
38086911,0.2247
38087310,0.4215
38087680,0.9577
38092142,0.7797565217391302
38104971,0.7399666666666667
38134989,0.8388999999999999
38136195,0.836
38142033,0.862
38151725,0.4115
38171823,0.8240166666666667
38191349,0.6248099999999999
38242922,0.7703333333333333
38243955,0.738675
38244582,0.5911
38255467,0.8543
38267818,0.4927
38300188,0.5563
38301966,0.4939
38305984,0.9589
38330670,0.9716
38361167,0.81342
38399837,0.7760333333333334
38417543,0.7359
38421932,0.7298416666666667
38422421,0.8919
38429018,0.6249
38429745,0.72696
38430611,0.7906
38441166,0.93875
38450887,0.5589666666666667
38471136,0.6369
38485503,0.9511
38496138,0.8218
38496661,0.7136999999999999
38523541,0.9648
38539790,0.46162222222222227
38558112,0.8516
38587031,0.8328499999999999
38594118,0.4215
38595452,0.8200000000000001
38606348,0.295825
38611050,0.8232333333333334
38632350,0.7003
38648139,0.9513
38682873,0.9136
38685858,0.9349
38691861,0.8082499999999999
38692545,0.7906
38720289,0.7475227272727274
38734382,0.7792285714285715
38734784,0.8928
38735289,-0.1531
38735661,-0.10766666666666665
38772165,0.8933999999999999
38772707,0.7184
38783673,0.8693764705882352
38785802,0.9229999999999999
38788624,0.8481
38788997,0.8330200000000001
38789090,0.5818519999999999
38801396,0.8749777777777777
38805375,0.8218181818181819
38806855,-0.2073
38807092,0.75915
38830429,0.8089500000000001
38834901,0.6898799999999999
38855592,0.9077333333333333
38856158,0.4215
38860007,0.2992
38862445,0.716925
38882577,0.5267
38889119,0.75975
38894268,0.80935
38910295,0.4404
38914528,0.6845
38916143,0.837325
38923116,0.836
38937204,-0.9627
38939902,0.1531
38961084,0.0754
38966652,0.5988333333333333
38975336,0.9772
38984832,0.941
38986391,0.4404
38986709,0.9217
39009057,0.9815
39036012,0.9186
39038878,-0.6369
39040457,0.29600000000000004
39041958,0.8832
39062013,0.8516
39077406,0.5398000000000001
39078581,0.9245
39091992,0.6466000000000001
39123066,0.5588
39158146,0.9633
39167985,0.2493
39214843,0.63835
39218665,0.9762500000000001
39244281,0.87365
39293936,0.9711
39305198,0.8453399999999999
39308924,0.7204277777777777
39325093,0.9633
39329661,0.5485333333333333
39330183,0.8408
39331214,0.5885999999999999
39334937,0.78932
39338786,0.8205999999999999
39373002,-0.1154
39373983,0.9081
39380253,0.6908
39405524,0.7524857142857143
39411925,0.9513
39424708,0.7036571428571429
39424967,0.8249500000000001
39425314,0.77315
39431866,0.759575
39448392,0.8803000000000001
39451138,0.4398
39451454,0.91395
39451764,0.6764
39456260,0.2382
39488323,0.9397
39508168,0.7096
39510027,0.6908
39515086,0.91555
39518562,0.71375
39518936,0.5865545454545454
39521582,0.9482
39566651,0.6511
39577102,0.9446
39586606,0.6635333333333334
39589304,0.8074
39601893,0.8555
39612331,0.6533399999999999
39614376,0.8481
39614591,0.4404
39615625,0.8957
39616572,0.765
39616714,0.5719
39617816,0.7529827586206894
39618378,0.9595
39618567,0.8331037037037036
39618736,0.93735
39618992,0.7640999999999999
39619120,0.63875
39619283,0.9348
39619376,0.7906
39619543,0.7565199999999999
39619593,0.7804
39619617,0.6733769230769229
39638066,0.33715
39640753,0.8041999999999999
39641568,0.6818799999999999
39643407,0.733475
39654440,0.8031833333333332
39657837,0.9598
39663227,0.7091000000000001
39679521,0.6865
39704885,-0.11534999999999998
39708770,0.9401
39708911,0.8555
39709385,0.4535
39716810,0.6018333333333333
39716900,0.7231692307692307
39721369,0.8464499999999999
39736543,0.1531
39744663,0.7684
39745490,0.6249
39745808,0.2962
39759464,0.7336
39762385,-0.6249
39784689,0.9811
39791103,0.6249
39801367,0.11345000000000005
39803405,0.4404
39805391,0.8658
39824181,0.91235
39824663,0.76375
39831558,0.22540000000000002
39846096,0.80655
39859770,0.9502999999999999
39897208,0.8601000000000001
39906427,0.56775
39908205,0.9678
39928120,0.34880000000000005
39930077,0.7964
39932805,0.9371
39956454,0.6249
39956760,0.4215
39959616,-0.14634999999999998
39983790,0.4939
40001189,0.696325
40012435,0.7164333333333333
40012885,0.4947857142857143
40014434,0.9412
40015982,0.8481
40034188,0.85855
40120214,0.7340000000000001
40120307,0.93775
40122929,0.05025000000000002
40129228,0.8718
40141465,0.6908
40143731,0.8832
40164420,0.73345
40187654,0.9642
40188463,0.9364941176470589
40189067,0.75115
40189402,0.07150000000000001
40198092,0.937275
40202857,0.8268
40211954,0.8658
40213569,0.2073
40226189,0.3182
40237407,0.872
40240764,0.9456
40242532,0.9377
40267482,0.9797
40267527,0.7218624999999999
40267722,0.85135
40316461,0.8411666666666667
40340084,0.78994
40356687,0.46655
40361907,0.83955
40409346,0.9485
40413324,0.32505
40433069,0.5948249999999999
40434677,0.78045
40435368,0.9336
40453611,0.48324999999999996
40457299,0.7579
40457664,0.7374
40458494,0.9735
40458674,-0.1779
40470586,0.71705
40474092,0.9824
40513654,0.8934
40514546,0.836
40516462,0.8902000000000001
40517115,0.605425
40518254,0.7506
40522447,0.8287
40541754,0.27899999999999997
40543696,0.6109199999999999
40544662,0.7351
40544730,0.7458499999999999
40547229,0.6854
40549049,0.8268
40549501,0.8351999999999999
40551128,0.5848666666666666
40551822,0.69965
40552316,0.40612499999999996
40552643,0.8321000000000001
40569270,0.9442333333333334
40571566,0.9852
40579584,0.9134
40596291,0.7906
40596547,-0.25260000000000005
40606262,0.9308666666666667
40622546,0.5251625
40640222,0.8428
40641448,0.1695
40642051,0.0434
40642810,0.5097499999999999
40680808,0.8126
40708485,0.4019
40712093,0.6945642857142857
40733550,0.9298
40736310,0.36151999999999995
40736423,0.6369
40736566,0.9198999999999999
40748069,0.8133
40765066,0.9857
40767478,0.4288
40771005,0.8625
40786417,0.8858
40787262,0.756575
40809355,0.85175
40809447,0.53075
40816592,0.6340666666666667
40819707,0.8508
40829040,0.7932999999999999
40829167,0.7897
40830798,0.7351
40855337,0.5354333333333333
40857622,0.836
40875271,0.9755
40881888,0.7752375
40902274,0.71715
40904017,0.7659333333333334
40904925,0.7346
40909907,0.7211142857142857
40925639,0.72845
40925829,0.9688
40928776,0.8113
40933601,0.9060250000000001
40935010,0.7969333333333334
40941821,0.7841
40953719,-0.6115
40958730,-0.34
40973763,0.8957
40974440,0.44825000000000004
41014661,0.8994
41015329,0.86795
41015331,0.8488285714285715
41019742,0.90415
41032597,0.6573285714285715
41032819,0.8188666666666666
41032965,0.9337
41033173,0.95415
41043698,0.4404
41051695,0.5563
41070234,0.8519
41073023,0.0772
41073318,0.49149999999999994
41074594,0.52625
41075543,0.9796
41110650,0.9571
41115316,0.7906
41115529,0.8783
41116957,0.9531
41117081,0.8689
41120765,0.873625
41142197,0.9407
41156266,0.5106
41160705,0.30565
41163091,0.7904
41163484,0.9313
41200159,0.5267
41223454,0.875
41243754,0.8934
41253944,0.7258
41272482,0.7733285714285715
41277021,0.9053
41284542,0.941975
41296812,0.358375
41297339,0.89535
41304318,0.9670000000000001
41304653,0.4404
41305636,0.8056
41307324,-0.01375000000000004
41308984,0.8173
41311319,0.4215
41311841,0.4754
41312870,0.4404
41314524,0.7483857142857143
41323209,0.7264
41325474,0.1901
41326546,0.8481
41328115,0.4215
41331863,0.61425
41340358,0.7994
41340390,0.56625
41340735,0.603
41352212,-0.5504
41353209,0.7991
41354548,0.9423
41367874,0.67425
41382040,-0.9306
41384691,0.27375
41385431,0.4404
41385846,0.5898
41418166,0.67324
41439026,0.4678
41439350,0.9074
41447203,0.9201
41481981,0.9062
41484133,0.63874
41492985,0.6705
41536506,0.4571
41536934,0.9638
41566195,0.9915
41568582,0.7717
41570615,0.81494
41574184,0.181
41582313,0.8978999999999999
41601698,0.34
41602655,0.791225
41603084,0.6818925925925925
41603091,0.9413
41603640,0.6388999999999999
41603861,0.6824685185185184
41604013,0.7090624999999999
41604541,0.7700727272727274
41604751,0.43095
41613235,0.8525666666666666
41624222,0.7688
41681916,0.6249
41730758,0.64307
41744480,0.8767666666666667
41767226,0.90285
41788641,0.7106
41789321,0.7045
41803435,0.7123999999999999
41827683,0.8726499999999999
41867701,0.7357
41868025,0.6249
41889144,0.9626
41916277,0.9916
41917394,0.753
41942725,0.8507
41987964,0.76834
41988512,0.6249
41990742,0.5045200000000001
42026496,0.8968
42035764,0.7119333333333334
42051055,0.9872
42078904,0.7417166666666667
42079275,0.8439
42079535,0.6666844444444445
42079889,0.8148000000000001
42081657,0.5937
42101465,0.7769333333333334
42102118,0.765
42105787,0.7402
42125123,0.34175
42125331,0.4927
42131835,0.7479142857142858
42148662,0.6871666666666666
42155365,0.9531
42184118,0.6124
42246264,0.7168666666666668
42261173,0.9606
42262518,0.6469
42318012,0.9839
42322167,0.9758
42377979,0.7972
42378376,0.9441
42379692,0.9348
42394455,0.4404
42417293,0.6465315789473685
42440730,0.9868
42460392,0.8481
42478430,0.5267
42483102,0.9183
42519546,0.6515111111111112
42519651,0.6215227272727273
42544083,0.6249
42545364,0.8399
42545850,0.6705
42569842,0.9325
42573089,0.70635
42573237,0.9807
42573423,0.4927
42635231,0.7778
42635377,0.5400499999999999
42694010,0.8516
42696868,0.76809
42744462,0.9167
42748087,0.8012
42755468,0.5134
42755516,-0.5849
42820670,0.07149999999999995
42820968,0.9509
42872451,0.7841
42882254,0.7579
42885557,0.332
42885763,0.5788300000000002
42885822,0.6924714285714285
42885876,0.4716
42885911,0.5624499999999999
42899078,0.8779
42903838,0.82345
42910492,0.9416
42933302,0.9239
43008618,0.9476
43041557,0.8874
43055185,0.4067
43112898,0.6538
43142833,0.6908
43177325,0.79365
43218555,0.7996
43273761,0.6311
43336673,0.61178125
43337077,0.8439
43337094,0.6457029411764705
43337509,0.603475
43354914,0.9726
43357993,0.6808
43359021,0.6901
43359426,0.9666
43361446,0.5761000000000001
43379651,0.5814090909090909
43379899,0.67165
43393378,0.6705
43407835,0.6750999999999999
43425269,0.8519
43427515,0.6214
43429579,0.8271
43429739,0.4215
43519376,0.2716
43598832,0.9531
43616367,0.6249
43658074,0.7552666666666666
43684773,0.4404
43731117,0.60755
43737197,0.4576
43749828,0.9186
43792453,0.9552
