type,amount,nameOrig,oldbalanceOrg,newbalanceOrig,nameDest,oldbalanceDest,newbalanceDest,isFraud,isFlaggedFraud
PAYMENT,9839.64,C1231006815,170136,160296.36,M1979787155,0,0,0,0
PAYMENT,1864.28,C1666544295,21249,19384.72,M2044282225,0,0,0,0
PAYMENT,11668.14,C2048537720,41554,29885.86,M1230701703,0,0,0,0
PAYMENT,7817.71,C90045638,53860,46042.29,M573487274,0,0,0,0
PAYMENT,7107.77,C154988899,183195,176087.23,M408069119,0,0,0,0
PAYMENT,7861.64,C1912850431,176087.23,168225.59,M633326333,0,0,0,0
PAYMENT,4024.36,C1265012928,2671,0,M1176932104,0,0,0,0
DEBIT,5337.77,C712410124,41720,36382.23,C195600860,41898,40348.79,0,0
DEBIT,9644.94,C1900366749,4465,0,C997608398,10845,157982.12,0,0
PAYMENT,3099.97,C249177573,20771,17671.03,M2096539129,0,0,0,0
PAYMENT,2560.74,C1648232591,5070,2509.26,M972865270,0,0,0,0
PAYMENT,11633.76,C1716932897,10127,0,M801569151,0,0,0,0
PAYMENT,4098.78,C1026483832,503264,499165.22,M1635378213,0,0,0,0
CASH_OUT,229133.94,C905080434,15325,0,C476402209,5083,51513.44,0,0
PAYMENT,1563.82,C761750706,450,0,M1731217984,0,0,0,0
PAYMENT,1157.86,C1237762639,21156,19998.14,M1877062907,0,0,0,0
PAYMENT,671.64,C2033524545,15123,14451.36,M473053293,0,0,0,0
TRANSFER,215310.3,C1670993182,705,0,C1100439041,22425,0,0,0
PAYMENT,1373.43,C20804602,13854,12480.57,M1344519051,0,0,0,0
DEBIT,9302.79,C1566511282,11299,1996.21,C1973538135,29832,16896.7,0,0
DEBIT,1065.41,C1959239586,1817,751.59,C515132998,10330,0,0,0
PAYMENT,3876.41,C504336483,67852,63975.59,M1404932042,0,0,0,0
TRANSFER,311685.89,C1984094095,10835,0,C932583850,6267,2719172.89,0,0
PAYMENT,6061.13,C1043358826,443,0,M1558079303,0,0,0,0
PAYMENT,9478.39,C1671590089,116494,107015.61,M58488213,0,0,0,0
PAYMENT,8009.09,C1053967012,10968,2958.91,M295304806,0,0,0,0
PAYMENT,8901.99,C1632497828,2958.91,0,M33419717,0,0,0,0
PAYMENT,9920.52,C764826684,0,0,M1940055334,0,0,0,0
PAYMENT,3448.92,C2103763750,0,0,M335107734,0,0,0,0
PAYMENT,4206.84,C215078753,0,0,M1757317128,0,0,0,0
PAYMENT,5885.56,C840514538,0,0,M1804441305,0,0,0,0
PAYMENT,5307.88,C1768242710,0,0,M1971783162,0,0,0,0
PAYMENT,5031.22,C247113419,0,0,M151442075,0,0,0,0
PAYMENT,24213.67,C1238616099,0,0,M70695990,0,0,0,0
PAYMENT,8603.42,C1608633989,253,0,M1615617512,0,0,0,0
PAYMENT,2791.42,C923341586,300481,297689.58,M107994825,0,0,0,0
PAYMENT,7413.54,C1470868839,297689.58,290276.03,M1426725223,0,0,0,0
PAYMENT,3295.19,C711197015,233633,230337.81,M1384454980,0,0,0,0
PAYMENT,1684.81,C1481594086,297,0,M1569435561,0,0,0,0
DEBIT,5758.59,C1466917878,32604,26845.41,C1297685781,209699,16997.22,0,0
CASH_OUT,110414.71,C768216420,26845.41,0,C1509514333,288800,2415.16,0,0
PAYMENT,7823.46,C260084831,998,0,M267814113,0,0,0,0
PAYMENT,5086.48,C598357562,0,0,M1593224710,0,0,0,0
PAYMENT,5281.48,C1440738283,152019,146737.52,M1849015357,0,0,0,0
PAYMENT,13875.98,C484199463,15818,1942.02,M2008106788,0,0,0,0
CASH_OUT,56953.9,C1570470538,1942.02,0,C824009085,70253,64106.18,0,0
CASH_OUT,5346.89,C512549200,0,0,C248609774,652637,6453430.91,0,0
PAYMENT,2204.04,C1615801298,586,0,M490391704,0,0,0,0
PAYMENT,2641.47,C460570271,23053,20411.53,M1653361344,0,0,0,0
CASH_OUT,23261.3,C2072313080,20411.53,0,C2001112025,25742,0,0,0
PAYMENT,2330.64,C816944408,203543,201212.36,M909132503,0,0,0,0
PAYMENT,1614.64,C912966811,41276,39661.36,M1792384402,0,0,0,0
PAYMENT,9164.71,C1458621573,47235.77,38071.06,M1658980982,0,0,0,0
PAYMENT,2970.97,C46941357,38071.06,35100.09,M1152606315,0,0,0,0
PAYMENT,38.66,C343345308,16174,16135.34,M1714688478,0,0,0,0
PAYMENT,2252.44,C104716441,1627,0,M1506951181,0,0,0,0
TRANSFER,62610.8,C1976401987,79114,16503.2,C1937962514,517,8383.29,0,0
DEBIT,5529.13,C867288517,8547,3017.87,C242131142,10206,0,0,0
CASH_OUT,82940.31,C1528834618,3017.87,0,C476800120,132372,49864.36,0,0
DEBIT,4510.22,C280615803,10256,5745.78,C1254526270,10697,0,0,0
DEBIT,8727.74,C166694583,882770,874042.26,C1129670968,12636,0,0,0
PAYMENT,2599.46,C885910946,874042.26,871442.79,M1860591867,0,0,0,0
DEBIT,4874.49,C811207775,153,0,C1971489295,253104,0,0,0
PAYMENT,6440.78,C1161148117,2192,0,M516875052,0,0,0,0
PAYMENT,4910.14,C1131592118,41551,36640.86,M589987187,0,0,0,0
PAYMENT,6444.64,C1262609629,12019,5574.36,M587180314,0,0,0,0
DEBIT,5149.66,C1955990522,4782,0,C1330106945,52752,24044.18,0,0
PAYMENT,7292.16,C69673470,216827,209534.84,M1082411691,0,0,0,0
CASH_OUT,47458.86,C527211736,209534.84,162075.98,C2096057945,52120,0,0,0
CASH_OUT,136872.92,C1533123860,162075.98,25203.05,C766572210,217806,0,0,0
CASH_OUT,94253.33,C1718906711,25203.05,0,C977993101,99773,965870.05,0,0
PAYMENT,2998.04,C71802912,12030,9031.96,M2134271532,0,0,0,0
PAYMENT,3454.08,C686349795,9031.96,5577.88,M1831010686,0,0,0,0
PAYMENT,4316.2,C1423768154,10999,6682.8,M404222443,0,0,0,0
PAYMENT,2131.84,C1987977423,224,0,M61073295,0,0,0,0
PAYMENT,12986.61,C807322507,23350,10363.39,M396485834,0,0,0,0
TRANSFER,42712.39,C283039401,10363.39,0,C1330106945,57901.66,24044.18,0,0
TRANSFER,77957.68,C207471778,0,0,C1761291320,94900,22233.65,0,0
TRANSFER,17231.46,C1243171897,0,0,C783286238,24672,0,0,0
TRANSFER,78766.03,C1376151044,0,0,C1749186397,103772,277515.05,0,0
TRANSFER,224606.64,C873175411,0,0,C766572210,354678.92,0,0,0
TRANSFER,125872.53,C1443967876,0,0,C392292416,348512,3420103.09,0,0
TRANSFER,379856.23,C1449772539,0,0,C1590550415,900180,19169204.93,0,0
TRANSFER,1505626.01,C926859124,0,0,C665576141,29031,5515763.34,0,0
TRANSFER,554026.99,C1603696865,0,0,C766572210,579285.56,0,0,0
TRANSFER,147543.1,C12905860,0,0,C1359044626,223220,16518.36,0,0
TRANSFER,761507.39,C412788346,0,0,C1590550415,1280036.23,19169204.93,0,0
TRANSFER,1429051.47,C1520267010,0,0,C1590550415,2041543.62,19169204.93,0,0
TRANSFER,358831.92,C908084672,0,0,C392292416,474384.53,3420103.09,0,0
TRANSFER,367768.4,C288306765,0,0,C1359044626,370763.1,16518.36,0,0
TRANSFER,209711.11,C1556867940,0,0,C1509514333,399214.71,2415.16,0,0
TRANSFER,583848.46,C1839168128,0,0,C1286084959,667778,2107778.11,0,0
TRANSFER,1724887.05,C1495608502,0,0,C1590550415,3470595.1,19169204.93,0,0
TRANSFER,710544.77,C835773569,0,0,C1359044626,738531.5,16518.36,0,0
TRANSFER,581294.26,C843299092,0,0,C1590550415,5195482.15,19169204.93,0,0
TRANSFER,11996.58,C605982374,0,0,C1225616405,40255,0,0,0
PAYMENT,2875.1,C1412322831,15443,12567.9,M1651262695,0,0,0,0
PAYMENT,8586.98,C1305004711,3763,0,M494077446,0,0,0,0
PAYMENT,871.75,C1003206025,19869,18997.25,M989889899,0,0,0,0
PAYMENT,1035.36,C806813022,71636,70600.64,M902860396,0,0,0,0
PAYMENT,1063.53,C1406206626,83084,82020.47,M1816522350,0,0,0,0
PAYMENT,1019.9,C1799230133,204237,203217.1,M1521238608,0,0,0,0
PAYMENT,4059.38,C20156341,26304,22244.62,M1111897955,0,0,0,0
PAYMENT,1876.44,C1509309988,182,0,M1643141512,0,0,0,0
CASH_OUT,28404.6,C2091072548,0,0,C1282788025,51744,0,0,0
CASH_OUT,75405.1,C263053820,0,0,C1870252780,104209,46462.23,0,0
CASH_OUT,50101.88,C1740826931,0,0,C97730845,67684,9940339.29,0,0
CASH_OUT,14121.82,C69062746,0,0,C100555887,52679,10963.66,0,0
CASH_OUT,78292.91,C1631227617,0,0,C1983747920,121112,95508.95,0,0
CASH_OUT,176149.9,C24650043,0,0,C736709391,259813,46820.71,0,0
CASH_OUT,212228.35,C1896074070,0,0,C401424608,429747,1178808.14,0,0
CASH_OUT,85423.63,C460741164,0,0,C1590550415,5776776.41,19169204.93,0,0
CASH_OUT,11648.5,C781091365,0,0,C985934102,260976,971418.91,0,0
PAYMENT,6165.58,C1858015030,20925,14759.42,M25764044,0,0,0,0
PAYMENT,3705.83,C671596011,41903.46,38197.63,M1925352804,0,0,0,0
CASH_OUT,419801.4,C1687354037,38197.63,0,C33524623,499962,1517262.16,0,0
CASH_OUT,335416.51,C743778731,144478,0,C575335780,295,52415.15,0,0
PAYMENT,3372.29,C967323951,41398,38025.71,M1600594643,0,0,0,0
PAYMENT,661.43,C743648472,14078,13416.57,M692998280,0,0,0,0
DEBIT,864.68,C1368862151,69836,68971.32,C20671747,12040,43691.09,0,0
PAYMENT,1203.44,C922807452,29941,28737.56,M33563464,0,0,0,0
TRANSFER,330757.04,C1494346128,103657,0,C564160838,79676,1254956.07,0,0
PAYMENT,1915.43,C822087264,11450,9534.57,M30699728,0,0,0,0
PAYMENT,8.73,C38603201,81313,81304.27,M1422273905,0,0,0,0
DEBIT,3058.8,C1694784135,18138,15079.2,C801197928,11054,8917.54,0,0
PAYMENT,5154.97,C1207231495,9476,4321.03,M756936249,0,0,0,0
PAYMENT,5213.25,C1221981006,36380,31166.75,M264394929,0,0,0,0
PAYMENT,5392.75,C1878413714,50757,45364.25,M769132147,0,0,0,0
PAYMENT,25.12,C1257299717,61663,61637.88,M1474957626,0,0,0,0
PAYMENT,17150.89,C181252244,61637.88,44486.99,M1733022752,0,0,0,0
TRANSFER,679502.24,C722417467,290,0,C451111351,171866,3940085.21,0,0
TRANSFER,177652.91,C753631393,23720,0,C716157500,55,4894.45,0,0
PAYMENT,5443.26,C1262869688,236997,231553.74,M1914108708,0,0,0,0
PAYMENT,244.87,C544386226,257978.49,257733.62,M1357700757,0,0,0,0
PAYMENT,8281.57,C900298796,257733.62,249452.05,M1889757798,0,0,0,0
PAYMENT,1175.59,C1166106620,20509,19333.41,M1932470703,0,0,0,0
PAYMENT,1097.74,C221861886,24866,23768.26,M1713568869,0,0,0,0
TRANSFER,184986.8,C697508322,39588,0,C1688019098,52340,97263.78,0,0
PAYMENT,1718.29,C603658030,117811,116092.71,M1689924104,0,0,0,0
PAYMENT,3671.32,C361380654,100094,96422.68,M631673932,0,0,0,0
DEBIT,3580.26,C1579132337,2565,0,C1321640594,21185,18910.85,0,0
PAYMENT,8550.9,C1795225096,40060,31509.1,M790094605,0,0,0,0
PAYMENT,9753.55,C1048712791,60829,51075.45,M487792155,0,0,0,0
PAYMENT,3026.98,C1909398279,31139,28112.02,M1632670136,0,0,0,0
CASH_OUT,467177.03,C1338905451,28112.02,0,C1170794006,975121,22190.99,0,0
DEBIT,3875.99,C1252540239,259138,255262.01,C1509514333,608925.82,2415.16,0,0
PAYMENT,2148.89,C1136005694,31213,29064.11,M638486177,0,0,0,0
PAYMENT,466.97,C426019904,80030,79563.03,M314411620,0,0,0,0
CASH_OUT,154139.72,C1642679791,79563.03,0,C564160838,410433.04,1254956.07,0,0
CASH_OUT,82685.93,C855700733,0,0,C392292416,833216.44,3420103.09,0,0
CASH_OUT,83857.23,C247162961,0,0,C1297685781,215457.59,16997.22,0,0
CASH_OUT,99109.77,C1890266440,0,0,C1297685781,299314.82,16997.22,0,0
CASH_OUT,187726.67,C1527152775,0,0,C747464370,190573,1567434.81,0,0
CASH_OUT,281339.92,C1863655430,0,0,C1509514333,612801.81,2415.16,0,0
CASH_OUT,186447.51,C976827477,0,0,C1590550415,5862200.03,19169204.93,0,0
CASH_OUT,81029.86,C324112183,0,0,C288665596,105343,8496.61,0,0
CASH_OUT,139054.95,C2092709730,0,0,C1749186397,182538.03,277515.05,0,0
CASH_OUT,154716.2,C980364771,0,0,C453211571,187433,3461666.05,0,0
CASH_OUT,53631.83,C1233595751,0,0,C757108857,83244,0,0,0
CASH_OUT,289645.52,C1446001495,0,0,C1023714065,871442.79,1412484.09,0,0
CASH_OUT,267148.82,C1261044180,0,0,C401424608,641975.35,1178808.14,0,0
CASH_OUT,47913.58,C141110631,0,0,C240650537,51304,0,0,0
CASH_OUT,193605.38,C2029372696,0,0,C1971489295,249452.05,0,0,0
CASH_OUT,344464.4,C793293778,0,0,C766572210,1133312.56,0,0,0
CASH_OUT,169409.87,C888611662,0,0,C401424608,909124.16,1178808.14,0,0
CASH_OUT,25793.74,C1966355106,0,0,C476800120,215312.31,49864.36,0,0
CASH_OUT,114712.48,C599782425,0,0,C1209271652,145400,0,0,0
CASH_OUT,89038.75,C1233327519,0,0,C2083562754,189808,1186556.81,0,0
CASH_OUT,1341.58,C1155769010,0,0,C557041912,80341,557537.26,0,0
CASH_OUT,44443.08,C269892014,0,0,C1590550415,6048647.54,19169204.93,0,0
CASH_OUT,34729.64,C1280641161,0,0,C1435804085,44853,96.88,0,0
CASH_OUT,105979.34,C489411441,0,0,C736709391,435962.9,46820.71,0,0
CASH_OUT,57794.61,C1141113940,0,0,C240650537,99217.58,0,0,0
CASH_OUT,15918.79,C1711185459,0,0,C1854778591,24553,0,0,0
CASH_OUT,19162.08,C25936709,0,0,C885951223,60169,215851.28,0,0
CASH_OUT,220691.42,C1123559518,0,0,C1590550415,6093090.62,19169204.93,0,0
CASH_OUT,9536.54,C649769713,0,0,C1060830840,49161,130747.56,0,0
CASH_OUT,29784.06,C925150995,0,0,C920011586,63553,0,0,0
CASH_OUT,190445.51,C1760219993,0,0,C1360767589,203679,2107965.39,0,0
CASH_OUT,57279.11,C1800649922,0,0,C824009085,127206.9,64106.18,0,0
CASH_OUT,112086.81,C403547747,0,0,C1531333864,292728,55974.56,0,0
CASH_OUT,80311.89,C172215878,0,0,C434091818,87408,63112.23,0,0
CASH_OUT,151829.91,C873309260,0,0,C1023714065,1161088.31,1412484.09,0,0
CASH_OUT,26004.52,C1112456099,0,0,C1225616405,52251.58,0,0,0
CASH_OUT,3146.16,C923083575,0,0,C1504109395,9471,593737.38,0,0
CASH_OUT,296752.75,C589363823,0,0,C1531333864,404814.81,55974.56,0,0
CASH_OUT,191702.06,C2052457859,0,0,C985934102,272624.5,971418.91,0,0
CASH_OUT,365510.05,C1299327689,0,0,C564160838,564572.76,1254956.07,0,0
CASH_OUT,202332.08,C1408279755,0,0,C453211571,342149.2,3461666.05,0,0
CASH_OUT,55105.9,C2007486296,0,0,C932583850,317952.89,2719172.89,0,0
CASH_OUT,171508.59,C1033348658,0,0,C1971489295,443057.43,0,0,0
CASH_OUT,178439.26,C1634723627,0,0,C2083562754,278846.75,1186556.81,0,0
CASH_OUT,88834.86,C938463537,0,0,C985934102,464326.57,971418.91,0,0
CASH_OUT,210370.09,C2121995675,0,0,C1170794006,1442298.03,22190.99,0,0
CASH_OUT,36437.06,C2120063568,0,0,C1740000325,154606,1363368.51,0,0
CASH_OUT,82691.56,C1620409359,0,0,C248609774,657983.89,6453430.91,0,0
CASH_OUT,338767.1,C691691381,0,0,C453211571,544481.28,3461666.05,0,0
CASH_OUT,187728.59,C264978436,0,0,C1360767589,394124.51,2107965.39,0,0
CASH_OUT,271002.7,C500618423,0,0,C451111351,851368.24,3940085.21,0,0
CASH_OUT,323105.08,C1458091526,0,0,C747464370,378299.67,1567434.81,0,0
CASH_OUT,10782.94,C768776793,0,0,C796533847,100585,0,0,0
CASH_OUT,89962.11,C2018260103,0,0,C240650537,157012.19,0,0,0
CASH_OUT,101940.14,C1393828949,0,0,C357863579,105362,92307.65,0,0
CASH_OUT,163100.34,C1088417975,0,0,C401424608,1078534.03,1178808.14,0,0
CASH_OUT,136030.66,C2036775591,0,0,C757108857,136875.83,0,0,0
CASH_OUT,68912.23,C1620529408,0,0,C1688019098,237326.8,97263.78,0,0
CASH_OUT,73464.06,C307488715,0,0,C1789550256,444779,4619798.56,0,0
CASH_OUT,106117.28,C758572926,0,0,C476402209,234216.94,51513.44,0,0
CASH_OUT,503333.79,C1640612861,0,0,C985934102,553161.42,971418.91,0,0
CASH_OUT,71991.42,C990679445,0,0,C557041912,81682.58,557537.26,0,0
CASH_OUT,91379.93,C913065088,0,0,C401424608,1241634.38,1178808.14,0,0
CASH_OUT,26759.05,C746280996,0,0,C1360767589,581853.1,2107965.39,0,0
CASH_OUT,128487.35,C50503805,0,0,C747464370,701404.75,1567434.81,0,0
CASH_OUT,252908.87,C1557989809,0,0,C33524623,919763.4,1517262.16,0,0
CASH_OUT,64489.64,C146874094,0,0,C1297685781,398424.59,16997.22,0,0
CASH_OUT,171369.73,C2123222442,0,0,C451111351,1122370.94,3940085.21,0,0
PAYMENT,4493.29,C1746570062,8258,3764.71,M1555990397,0,0,0,0
PAYMENT,12121.5,C1544078442,97058,84936.5,M1291367132,0,0,0,0
PAYMENT,2278.19,C1887699190,290,0,M1479140596,0,0,0,0
PAYMENT,7707.44,C1108889615,99827,92119.56,M1275028674,0,0,0,0
PAYMENT,4013.02,C455888635,92119.56,88106.55,M204805934,0,0,0,0
PAYMENT,5775.15,C204322447,132329,126553.85,M1019484860,0,0,0,0
PAYMENT,4843.93,C1164365897,51718,46874.07,M1640899500,0,0,0,0
PAYMENT,2397.82,C3565780,20421,18023.18,M473666452,0,0,0,0
PAYMENT,4391.44,C1865219266,228,0,M2138005960,0,0,0,0
DEBIT,4497.87,C1278002745,107388,102890.13,C510113906,19053,5417.23,0,0
PAYMENT,7452.89,C214649627,102397,94944.11,M67730604,0,0,0,0
PAYMENT,3930.81,C15477956,6032,2101.19,M710623214,0,0,0,0
CASH_OUT,71532.24,C2082351661,2101.19,0,C1810132623,74956,97128.19,0,0
CASH_OUT,61159.51,C859690270,0,0,C476402209,340334.22,51513.44,0,0
CASH_OUT,12401.9,C1389774257,0,0,C1096283470,349763,0,0,0
CASH_OUT,32702.61,C553759818,0,0,C75457651,253053,31469.78,0,0
PAYMENT,6926.67,C751021317,152927,146000.33,M1896552614,0,0,0,0
PAYMENT,893.57,C294658299,10676,9782.43,M1033856359,0,0,0,0
TRANSFER,480222.51,C201677908,11110,0,C451111351,1293740.67,3940085.21,0,0
PAYMENT,3608.41,C635611994,11150,7541.59,M904253669,0,0,0,0
PAYMENT,5946.79,C1930903395,7541.59,1594.8,M1431710377,0,0,0,0
PAYMENT,6099.96,C1700721442,42133,36033.04,M2116511124,0,0,0,0
PAYMENT,372.34,C872522004,65254,64881.66,M1348916831,0,0,0,0
PAYMENT,4635.18,C1110698130,6313782.05,6309146.87,M125644421,0,0,0,0
PAYMENT,1267.97,C1053632127,6309146.87,6307878.9,M1493158871,0,0,0,0
PAYMENT,6911.99,C89509666,6307878.9,6300966.92,M1806880779,0,0,0,0
PAYMENT,1795.67,C1016856028,6300966.92,6299171.25,M446445803,0,0,0,0
PAYMENT,3199.06,C832292933,6299171.25,6295972.18,M1280603381,0,0,0,0
PAYMENT,10265.17,C792855998,6295972.18,6285707.02,M1424108509,0,0,0,0
PAYMENT,9029.12,C1003755748,25480,16450.88,M1414013111,0,0,0,0
PAYMENT,7600.57,C1805164661,50747,43146.43,M778162712,0,0,0,0
PAYMENT,2057.71,C896138248,25132,23074.29,M548482954,0,0,0,0
PAYMENT,3823.08,C243575009,10382,6558.92,M777341499,0,0,0,0
PAYMENT,6737.2,C1454026445,624,0,M1378497201,0,0,0,0
PAYMENT,9161.98,C892931811,11128,1966.02,M1577167234,0,0,0,0
PAYMENT,1239.06,C1574873161,396386,395146.94,M1591916281,0,0,0,0
PAYMENT,365,C600958416,319,0,M1884231057,0,0,0,0
PAYMENT,5237.54,C1492875057,27105,21867.46,M333793193,0,0,0,0
PAYMENT,2618.76,C1068945248,21867.46,19248.7,M937277082,0,0,0,0
PAYMENT,339.82,C882646447,12076,11736.18,M234740890,0,0,0,0
DEBIT,1393.46,C79290250,100068,98674.54,C1076835071,26446,318637.36,0,0
PAYMENT,2731.37,C1586151649,17540,14808.63,M179294202,0,0,0,0
PAYMENT,8364.73,C1767230265,81,0,M593103894,0,0,0,0
PAYMENT,6598.71,C727666004,16392,9793.29,M1601935322,0,0,0,0
PAYMENT,4304.58,C414225167,10708,6403.42,M1803093683,0,0,0,0
PAYMENT,2867.14,C975033189,943,0,M962287291,0,0,0,0
PAYMENT,2946.38,C628064884,0,0,M109069556,0,0,0,0
PAYMENT,507.12,C1389509050,87005,86497.88,M828326869,0,0,0,0
PAYMENT,3020.86,C1761217448,50361,47340.14,M1817789863,0,0,0,0
PAYMENT,8948.03,C788905599,11137,2188.97,M1678709153,0,0,0,0
CASH_OUT,280877.92,C1544614339,2188.97,0,C1297685781,462914.23,16997.22,0,0
PAYMENT,1084.9,C2059592603,13727,12642.1,M2016828666,0,0,0,0
PAYMENT,9456.69,C1688782916,12642.1,3185.41,M1064154107,0,0,0,0
PAYMENT,5812.36,C1390301622,3185.41,0,M415565467,0,0,0,0
TRANSFER,157883.07,C973936431,46547,0,C1335050193,72793,353532.56,0,0
PAYMENT,2734.77,C1756207614,4511,1776.23,M1214133948,0,0,0,0
CASH_OUT,102153.86,C2015301874,1776.23,0,C1335050193,230676.07,353532.56,0,0
PAYMENT,584.52,C712627377,15479,14894.48,M782228073,0,0,0,0
PAYMENT,6113.14,C399373008,15629,9515.86,M391506011,0,0,0,0
CASH_OUT,369989.2,C1936550492,9515.86,0,C1789550256,518243.06,4619798.56,0,0
CASH_OUT,215338.28,C594651850,0,0,C75457651,285755.61,31469.78,0,0
CASH_OUT,65521.42,C1532139270,0,0,C920011586,93337.06,0,0,0
CASH_OUT,116977.58,C1677568775,0,0,C1740000325,191043.06,1363368.51,0,0
CASH_OUT,262392.36,C2069500590,0,0,C2083562754,457286.01,1186556.81,0,0
CASH_OUT,51121.05,C1431556341,0,0,C1740000325,308020.64,1363368.51,0,0
CASH_OUT,202624.59,C452364286,0,0,C985934102,1056495.21,971418.91,0,0
CASH_OUT,118235.16,C350069300,0,0,C1335050193,332829.93,353532.56,0,0
CASH_OUT,118056.71,C1060703587,0,0,C757108857,272906.49,0,0,0
CASH_OUT,498960.91,C1957078537,0,0,C1360767589,608612.15,2107965.39,0,0
CASH_OUT,691738.36,C1514214932,0,0,C1590550415,6285707.02,19169204.93,0,0
CASH_OUT,58820.08,C594858858,0,0,C1360767589,1107573.06,2107965.39,0,0
PAYMENT,4419.04,C1423016050,52951,48531.96,M352776719,0,0,0,0
PAYMENT,4270.02,C1202042637,9516,5245.98,M1112527632,0,0,0,0
PAYMENT,3007.83,C440736059,49905,46897.17,M955324150,0,0,0,0
PAYMENT,1824.59,C1384563514,25138,23313.41,M1852661033,0,0,0,0
PAYMENT,993.46,C1548946718,19448,18454.54,M1814423236,0,0,0,0
CASH_OUT,302693.14,C140404585,18454.54,0,C1688019098,306239.03,97263.78,0,0
PAYMENT,1445.06,C207546206,10892,9446.94,M1218519094,0,0,0,0
PAYMENT,4059.25,C200404000,4186,126.75,M1894758168,0,0,0,0
PAYMENT,3417.18,C191945292,126.75,0,M1242688388,0,0,0,0
DEBIT,3428.95,C1317375498,147798,144369.05,C665576141,1534657.01,5515763.34,0,0
PAYMENT,5580.98,C1130346421,7781,2200.02,M1316005672,0,0,0,0
DEBIT,3455.85,C192428201,3509,53.15,C401424608,1333014.31,1178808.14,0,0
PAYMENT,7265.63,C1768882706,14508,7242.37,M1463022229,0,0,0,0
PAYMENT,3852.64,C472991420,1449076.27,1445223.63,M1455855843,0,0,0,0
PAYMENT,7870.29,C1202220987,1445223.63,1437353.34,M256346753,0,0,0,0
DEBIT,12872.92,C425015667,11197,0,C466505482,51885,0,0,0
PAYMENT,6675.34,C2075568954,10107,3431.66,M2145896000,0,0,0,0
CASH_OUT,410201.89,C1279740095,21448,0,C1750905143,61613,424250.45,0,0
PAYMENT,13310.78,C2095677157,0,0,M852026681,0,0,0,0
PAYMENT,664.35,C1943855334,102983,102318.65,M94919826,0,0,0,0
PAYMENT,2130.3,C847320212,10958,8827.7,M1201004240,0,0,0,0
PAYMENT,7771.4,C1406848276,8827.7,1056.3,M349259569,0,0,0,0
PAYMENT,36349.35,C785306763,1056.3,0,M1204088028,0,0,0,0
PAYMENT,749.34,C1123236701,0,0,M1552221437,0,0,0,0
PAYMENT,2340.34,C79161706,0,0,M1685407532,0,0,0,0
PAYMENT,9686.85,C1057468716,0,0,M1272051933,0,0,0,0
PAYMENT,15785.85,C1888924788,0,0,M1041547629,0,0,0,0
PAYMENT,9006.78,C1016633682,0,0,M2018220300,0,0,0,0
PAYMENT,9014.95,C1027319653,0,0,M633079302,0,0,0,0
PAYMENT,14420.66,C1561745898,0,0,M2033268925,0,0,0,0
PAYMENT,4802.31,C424786033,0,0,M1545077099,0,0,0,0
PAYMENT,28527.44,C867093003,0,0,M1135278099,0,0,0,0
PAYMENT,4182.93,C1470911015,0,0,M1268974304,0,0,0,0
PAYMENT,4088.21,C244872973,0,0,M451312813,0,0,0,0
PAYMENT,8491.9,C795748540,0,0,M2081000371,0,0,0,0
DEBIT,6666.78,C837073696,11876,5209.22,C655381473,24777,189534.74,0,0
PAYMENT,6536.86,C416201381,17319,10782.14,M1178290888,0,0,0,0
CASH_OUT,40684.97,C1985938863,10782.14,0,C1291286504,49530,66575.5,0,0
PAYMENT,1553.21,C1660325375,31516,29962.79,M251664534,0,0,0,0
DEBIT,7344.92,C334593716,0,0,C485041780,185432,0,0,0
CASH_OUT,106267.21,C487416600,0,0,C476800120,241106.05,49864.36,0,0
PAYMENT,5491.5,C1271041075,36605,31113.5,M1141500277,0,0,0,0
PAYMENT,3666.42,C1544895390,48117,44450.58,M712410791,0,0,0,0
PAYMENT,5507.18,C1971991758,36030,30522.82,M2126723403,0,0,0,0
DEBIT,4565.14,C201274566,30265,25699.86,C747464370,829892.09,1567434.81,0,0
PAYMENT,11348.71,C354605216,734899,723550.29,M824881806,0,0,0,0
TRANSFER,123179.97,C1447353473,7215,0,C20671747,12904.68,43691.09,0,0
PAYMENT,7073.6,C611289995,0,0,M663466110,0,0,0,0
PAYMENT,2803.83,C1129433283,0,0,M864138492,0,0,0,0
PAYMENT,106.81,C1810518740,0,0,M295180183,0,0,0,0
PAYMENT,6297.71,C1547883191,762,0,M1650113431,0,0,0,0
PAYMENT,2610.01,C1528769018,58697.54,56087.54,M183155105,0,0,0,0
PAYMENT,5320.1,C1089930529,56087.54,50767.43,M2001115307,0,0,0,0
PAYMENT,1460.63,C1429483328,1132,0,M172794870,0,0,0,0
TRANSFER,522264.81,C1927963027,24,0,C1234776885,11361,2025098.66,0,0
DEBIT,3584.21,C833240229,135496,131911.79,C1330106945,100614.05,24044.18,0,0
PAYMENT,3704.97,C1167088639,24553,20848.03,M707531688,0,0,0,0
PAYMENT,2773.61,C191568263,14332,11558.39,M1799635803,0,0,0,0
PAYMENT,3896.42,C751608431,11558.39,7661.97,M1723290893,0,0,0,0
PAYMENT,18781.84,C893640573,7661.97,0,M2085886997,0,0,0,0
PAYMENT,6660.33,C893523498,17710,11049.67,M1770070706,0,0,0,0
TRANSFER,26923.42,C1108517064,11049.67,0,C1983747920,199404.91,95508.95,0,0
TRANSFER,53783.57,C511354923,0,0,C1899073220,75514,420946.86,0,0
TRANSFER,181,C1305486145,181,0,C553264065,0,0,1,0
CASH_OUT,181,C840083671,181,0,C38997010,21182,0,1,0
TRANSFER,2806,C1420196421,2806,0,C972765878,0,0,1,0
CASH_OUT,2806,C2101527076,2806,0,C1007251739,26202,0,1,0
TRANSFER,20128,C137533655,20128,0,C1848415041,0,0,1,0
CASH_OUT,20128,C1118430673,20128,0,C339924917,6268,12145.85,1,0
CASH_OUT,416001.33,C749981943,0,0,C667346055,102,9291619.62,1,0
TRANSFER,1277212.77,C1334405552,1277212.77,0,C431687661,0,0,1,0
CASH_OUT,1277212.77,C467632528,1277212.77,0,C716083600,0,2444985.19,1,0
TRANSFER,35063.63,C1364127192,35063.63,0,C1136419747,0,0,1,0
CASH_OUT,35063.63,C1635772897,35063.63,0,C1983025922,31140,7550.03,1,0
TRANSFER,25071.46,C669700766,25071.46,0,C1384210339,0,0,1,0
CASH_OUT,25071.46,C1275464847,25071.46,0,C1364913072,9083.76,34155.22,1,0
CASH_OUT,132842.64,C13692003,4499.08,0,C297927961,0,132842.64,1,0
TRANSFER,235238.66,C1872047468,235238.66,0,C116289363,0,0,1,0
CASH_OUT,235238.66,C1499825229,235238.66,0,C2100440237,0,235238.66,1,0
TRANSFER,1096187.24,C1093223281,1096187.24,0,C2063275841,0,0,1,0
CASH_OUT,1096187.24,C77163673,1096187.24,0,C644345897,0,1096187.24,1,0
TRANSFER,963532.14,C1440057381,963532.14,0,C268086000,0,0,1,0
CASH_OUT,963532.14,C430329518,963532.14,0,C991505714,132382.57,1095914.71,1,0
TRANSFER,14949.84,C140702728,14949.84,0,C634210724,0,0,1,0
CASH_OUT,14949.84,C395257482,14949.84,0,C1032986144,18161.79,33111.63,1,0
TRANSFER,18627.02,C1375503918,18627.02,0,C234430897,0,0,1,0
CASH_OUT,18627.02,C175961135,18627.02,0,C1711105800,147251.58,165878.6,1,0
TRANSFER,10539.37,C1134864869,10539.37,0,C118648358,0,0,1,0
CASH_OUT,10539.37,C1984954272,10539.37,0,C124540047,0,10539.37,1,0
TRANSFER,22877,C1247938090,22877,0,C1002031672,0,0,1,0
CASH_OUT,22877,C2126545173,22877,0,C573200870,0,22877,1,0
TRANSFER,10000000,C7162498,12930418.44,2930418.44,C945327594,0,0,1,0
CASH_OUT,10000000,C351297720,10000000,0,C766681183,0,9941904.21,1,0
TRANSFER,2930418.44,C2047521920,2930418.44,0,C449261773,0,0,1,0
CASH_OUT,2930418.44,C2044690596,2930418.44,0,C932583850,3616012.1,6963508.84,1,0
TRANSFER,169941.73,C540962910,169941.73,0,C2127862399,0,0,1,0
CASH_OUT,169941.73,C2026325575,169941.73,0,C1394526584,0,169941.73,1,0
TRANSFER,13707.11,C17222024,13707.11,0,C410033330,0,0,1,0
CASH_OUT,13707.11,C556223230,13707.11,0,C2094777811,0,13707.11,1,0
TRANSFER,86070.17,C1844941220,86070.17,0,C1191544932,0,0,1,0
CASH_OUT,86070.17,C1699873763,86070.17,0,C560041895,0,86070.17,1,0
TRANSFER,120074.73,C1409933277,120074.73,0,C162114152,0,0,1,0
CASH_OUT,120074.73,C1174000532,120074.73,0,C410033330,0,120074.73,1,0
TRANSFER,60726.57,C383882703,60726.57,0,C1807010830,0,0,1,0
CASH_OUT,60726.57,C840095827,60726.57,0,C803116137,13010502.78,13071229.35,1,0
TRANSFER,10119.47,C1775746074,10119.47,0,C746009679,0,0,1,0
CASH_OUT,10119.47,C213063852,10119.47,0,C922511709,0,10119.47,1,0
TRANSFER,33332.86,C2025652936,33332.86,0,C1662235713,0,0,1,0
CASH_OUT,33332.86,C685428529,33332.86,0,C1626759869,31002,0,1,0
TRANSFER,25975.86,C864622150,25975.86,0,C41792607,0,0,1,0
CASH_OUT,25975.86,C1004271827,25975.86,0,C451934410,98152,28041.27,1,0
TRANSFER,26768.5,C457596841,26768.5,0,C1956477953,0,0,1,0
CASH_OUT,26768.5,C682812632,26768.5,0,C256417920,101976,128744.5,1,0
TRANSFER,30521.02,C903383636,30521.02,0,C904300960,0,0,1,0
CASH_OUT,30521.02,C1813769162,30521.02,0,C1249547869,0,30521.02,1,0
TRANSFER,216422,C666642000,216422,0,C1315078366,0,0,1,0
CASH_OUT,216422,C1547714604,216422,0,C7881234,10097,48630.5,1,0
TRANSFER,17320.91,C788790720,17320.91,0,C1589547066,0,0,1,0
CASH_OUT,17320.91,C436661284,17320.91,0,C522173599,6244.44,0,1,0
TRANSFER,17246,C1034673425,17246,0,C1379589736,0,101717.84,1,0
CASH_OUT,17246,C1484518113,17246,0,C978609035,0,17246,1,0
TRANSFER,10565,C777407608,10565,0,C1790657739,0,0,1,0
CASH_OUT,10565,C1191732945,10565,0,C418964192,36275,24380.72,1,0
TRANSFER,10224,C365589282,10224,0,C908043384,0,0,1,0
CASH_OUT,10224,C1284098442,10224,0,C801412408,0,10224,1,0
TRANSFER,85354.69,C558400671,85354.69,0,C527482085,0,0,1,0
CASH_OUT,85354.69,C158801009,85354.69,0,C382431057,11170,10612.55,1,0
TRANSFER,13704,C1735554279,13704,0,C12793273,0,1658746.09,1,0
CASH_OUT,13704,C1421965867,13704,0,C1438594533,3382.84,143675.35,1,0
TRANSFER,262434.54,C2101686389,262434.54,0,C612008977,0,0,1,0
CASH_OUT,262434.54,C383717053,262434.54,0,C380242442,19525.79,438233.86,1,0
TRANSFER,21729,C1686905633,21729,0,C824421402,0,0,1,0
CASH_OUT,21729,C693427358,21729,0,C1101441872,27335,0,1,0
TRANSFER,5460002.91,C666654362,5460002.91,0,C1726301214,0,0,1,0
CASH_OUT,5460002.91,C1588880909,5460002.91,0,C1570256460,0,9281535.44,1,0
TRANSFER,164,C1455969984,164,0,C2119910556,0,0,1,0
CASH_OUT,164,C1173659886,164,0,C1769947269,4068,0,1,0
TRANSFER,21571,C786114805,21571,0,C1666314150,0,0,1,0
CASH_OUT,21571,C452475723,21571,0,C2089016471,30797.41,71140.3,1,0
TRANSFER,441445.58,C1023505879,441445.58,0,C847761155,0,0,1,0
CASH_OUT,441445.58,C398085606,441445.58,0,C2072030256,98993.5,0,1,0
CASH_OUT,181728.11,C2102265902,0,0,C789014007,11397,184477.77,1,0
TRANSFER,222,C1961506277,222,0,C378841819,0,267095.19,1,0
CASH_OUT,222,C1737727444,222,0,C588779235,24708,171647.35,1,0
TRANSFER,1996.17,C1198040187,1996.17,0,C1828047633,0,0,1,0
CASH_OUT,1996.17,C858959216,1996.17,0,C864078397,2559.74,4555.92,1,0
TRANSFER,1078013.76,C1026280121,0,0,C277510102,0,970749.68,1,0
TRANSFER,89631.24,C74534388,89631.24,0,C1748042844,0,0,1,0
CASH_OUT,89631.24,C1938531779,89631.24,0,C2048578791,21175,0,1,0
TRANSFER,29707.86,C1825456600,29707.86,0,C570409417,0,0,1,0
CASH_OUT,29707.86,C515973302,29707.86,0,C170071280,10935,0,1,0
TRANSFER,43092,C1683174795,43092,0,C427998326,0,0,1,0
CASH_OUT,43092,C1395071924,43092,0,C79685693,660641.74,1158662.9,1,0
TRANSFER,556218.01,C1769581889,556218.01,0,C217441120,0,0,1,0
CASH_OUT,556218.01,C589143360,556218.01,0,C1992550266,0,582265.81,1,0
TRANSFER,11308,C299933576,11308,0,C1060999444,0,0,1,0
CASH_OUT,11308,C921533797,11308,0,C424669538,0,302550.56,1,0
TRANSFER,350705.74,C1452168793,350705.74,0,C399194578,0,1184633.07,1,0
CASH_OUT,350705.74,C58527359,350705.74,0,C582901057,894760.68,1794033.65,1,0
TRANSFER,2539898.07,C394488466,2539898.07,0,C575638324,0,261290.69,1,0
CASH_OUT,2539898.07,C728718059,2539898.07,0,C1013511446,968,1842864.22,1,0
TRANSFER,361559.69,C1287719145,361559.69,0,C352239275,0,141302.12,1,0
CASH_OUT,361559.69,C684758020,361559.69,0,C1769042905,504667.31,189441.24,1,0
TRANSFER,1154353.99,C670587931,1154353.99,0,C150406565,0,10872.9,1,0
CASH_OUT,1154353.99,C1034219836,1154353.99,0,C1195589213,162222,1965587.6,1,0
TRANSFER,21922,C102617052,21922,0,C760675871,0,0,1,0
CASH_OUT,21922,C1499032143,21922,0,C1508330669,1929861.61,2046918.8,1,0
TRANSFER,994453.2,C1121789613,1437370.87,442917.67,C254839817,194812.76,665743.67,1,0
TRANSFER,1055,C666486325,1055,0,C279565067,0,0,1,0
CASH_OUT,1055,C1764109750,1055,0,C1522743169,75179,0,1,0
TRANSFER,244068.01,C1087133093,244068.01,0,C1855553543,0,0,1,0
CASH_OUT,244068.01,C507466068,244068.01,0,C706331499,0,338538.16,1,0
TRANSFER,59835,C1568400442,59835,0,C1262169546,0,0,1,0
CASH_OUT,59835,C1020461364,59835,0,C2144015041,255480.76,315315.76,1,0
CASH_OUT,277970.88,C489647033,0,0,C571514738,0,277970.88,1,0
TRANSFER,93810.76,C481501970,93810.76,0,C1262577882,0,0,1,0
CASH_OUT,93810.76,C1190429229,93810.76,0,C2104652067,4096048.05,4189858.81,1,0
TRANSFER,503405.88,C1446009472,503405.88,0,C2010733400,0,0,1,0
CASH_OUT,503405.88,C140359285,503405.88,0,C2020337583,29669,533074.88,1,0
TRANSFER,2662734.59,C1182702586,2662734.59,0,C2143409210,0,0,1,0
CASH_OUT,2662734.59,C813115168,2662734.59,0,C401825929,14165.62,2930405.33,1,0
TRANSFER,9217.19,C184586799,9217.19,0,C812377986,0,96795.6,1,0
CASH_OUT,9217.19,C1105700111,9217.19,0,C1767952032,0,9217.19,1,0
TRANSFER,2100,C785601242,2100,0,C1576053316,0,0,1,0
CASH_OUT,2100,C169099320,2100,0,C697156329,112512.48,114612.48,1,0
TRANSFER,1933920.8,C1706582969,0,0,C461905695,1283762.85,3217683.65,1,0
TRANSFER,313418.28,C711446907,313418.28,0,C888769567,0,97980.88,1,0
CASH_OUT,313418.28,C2021456831,313418.28,0,C157591472,688164.64,1029922.17,1,0
TRANSFER,12461,C2079232448,12461,0,C585834595,0,0,1,0
CASH_OUT,12461,C938980312,12461,0,C621014131,27964.11,40425.11,1,0
TRANSFER,19472,C1101705841,19472,0,C925285469,0,0,1,0
CASH_OUT,19472,C1205151454,19472,0,C664770316,0,19472,1,0
TRANSFER,3964129.99,C576568419,3964129.99,0,C1571546632,0,0,1,0
CASH_OUT,3964129.99,C1098250442,3964129.99,0,C1140712423,1912955.54,5811064.07,1,0
TRANSFER,1041647.06,C345293642,1041647.06,0,C937194908,0,0,1,0
CASH_OUT,1041647.06,C169939918,1041647.06,0,C1673501963,52730.33,1094377.39,1,0
TRANSFER,2066467.64,C1223631235,2066467.64,0,C1281019843,0,81209.81,1,0
CASH_OUT,2066467.64,C684252268,2066467.64,0,C2027569559,194510.24,3098566.67,1,0
CASH_OUT,149668.66,C227115333,0,0,C460735540,44170.11,193838.76,1,0
TRANSFER,2007,C439464764,2007,0,C562360384,0,0,1,0
CASH_OUT,2007,C1331829443,2007,0,C127509847,129917.8,250910.76,1,0
CASH_OUT,222048.71,C265790428,0,0,C1700442291,2979,225027.71,1,0
TRANSFER,8677,C288028999,8677,0,C184294001,0,0,1,0
CASH_OUT,8677,C343345083,8677,0,C200064275,225127.62,233804.62,1,0
TRANSFER,408,C2021466585,408,0,C1864486913,0,226013.18,1,0
CASH_OUT,408,C1894004688,408,0,C1293978242,898297.85,1075854.14,1,0
TRANSFER,48375.02,C920803432,48375.02,0,C1767389067,0,0,1,0
CASH_OUT,48375.02,C1894578299,48375.02,0,C590035788,374803.26,658520.33,1,0
TRANSFER,4022667.54,C735463888,4022667.54,0,C1548348754,0,0,1,0
CASH_OUT,4022667.54,C79951219,4022667.54,0,C1499489682,80136.56,4057191.21,1,0
CASH_OUT,454859.39,C1274887619,0,0,C2146670328,0,454859.39,1,0
TRANSFER,1161495.82,C1864459372,1161495.82,0,C537531657,0,0,1,0
CASH_OUT,1161495.82,C165094398,1161495.82,0,C1966002811,319036.02,1565123.81,1,0
